budget_id,fiscal_year,fiscal_period,account_code,cost_centre_code,budget_amount_gbp,status,version
1,FY2023,1,4000,CC200,196800.0,APPROVED,v2
2,FY2023,1,4000,CC210,32750.0,APPROVED,v2
3,FY2023,1,4010,CC220,167600.0,APPROVED,v2
4,FY2023,1,4020,CC200,4800.0,APPROVED,v2
5,FY2023,1,4020,CC220,93450.0,APPROVED,v2
6,FY2023,1,4030,CC200,44850.0,APPROVED,v2
7,FY2023,1,4030,CC210,45550.0,APPROVED,v2
8,FY2023,1,5000,CC300,72750.0,APPROVED,v2
9,FY2023,1,5000,CC400,98650.0,APPROVED,v2
10,FY2023,1,5010,CC300,2750.0,APPROVED,v2
11,FY2023,1,5020,CC400,4900.0,APPROVED,v2
12,FY2023,1,6000,CC100,14500.0,APPROVED,v2
13,FY2023,1,6000,CC200,42100.0,APPROVED,v2
14,FY2023,1,6000,CC210,29550.0,APPROVED,v2
15,FY2023,1,6000,CC220,14100.0,APPROVED,v2
16,FY2023,1,6000,CC300,51050.0,APPROVED,v2
17,FY2023,1,6000,CC400,41050.0,APPROVED,v2
18,FY2023,1,6000,CC500,19900.0,APPROVED,v2
19,FY2023,1,6000,CC600,21150.0,APPROVED,v2
20,FY2023,1,6010,CC100,2100.0,APPROVED,v2
21,FY2023,1,6010,CC200,5550.0,APPROVED,v2
22,FY2023,1,6010,CC210,4200.0,APPROVED,v2
23,FY2023,1,6010,CC220,2150.0,APPROVED,v2
24,FY2023,1,6010,CC300,6450.0,APPROVED,v2
25,FY2023,1,6010,CC400,6200.0,APPROVED,v2
26,FY2023,1,6010,CC500,3050.0,APPROVED,v2
27,FY2023,1,6010,CC600,2850.0,APPROVED,v2
28,FY2023,1,6020,CC100,600.0,APPROVED,v2
29,FY2023,1,6020,CC200,1750.0,APPROVED,v2
30,FY2023,1,6020,CC210,1200.0,APPROVED,v2
31,FY2023,1,6020,CC220,600.0,APPROVED,v2
32,FY2023,1,6020,CC300,1800.0,APPROVED,v2
33,FY2023,1,6020,CC400,1700.0,APPROVED,v2
34,FY2023,1,6020,CC500,750.0,APPROVED,v2
35,FY2023,1,6020,CC600,850.0,APPROVED,v2
36,FY2023,1,6040,CC100,4300.0,APPROVED,v2
37,FY2023,1,6120,CC400,2600.0,APPROVED,v2
38,FY2023,1,6200,CC210,2300.0,APPROVED,v2
39,FY2023,1,6210,CC220,2500.0,APPROVED,v2
40,FY2023,1,6220,CC220,850.0,APPROVED,v2
41,FY2023,1,6300,CC600,7400.0,APPROVED,v2
42,FY2023,1,6310,CC600,900.0,APPROVED,v2
43,FY2023,1,6320,CC100,1950.0,APPROVED,v2
44,FY2023,1,6510,CC500,750.0,APPROVED,v2
45,FY2023,1,6600,CC100,16800.0,APPROVED,v2
46,FY2023,1,6900,CC220,-800.0,APPROVED,v2
47,FY2023,2,4000,CC200,195250.0,APPROVED,v2
48,FY2023,2,4000,CC210,136850.0,APPROVED,v2
49,FY2023,2,4010,CC220,100700.0,APPROVED,v2
50,FY2023,2,4020,CC200,6650.0,APPROVED,v2
51,FY2023,2,4020,CC220,22850.0,APPROVED,v2
52,FY2023,2,4030,CC200,46850.0,APPROVED,v2
53,FY2023,2,4030,CC210,21850.0,APPROVED,v2
54,FY2023,2,5000,CC300,59750.0,APPROVED,v2
55,FY2023,2,5000,CC400,21500.0,APPROVED,v2
56,FY2023,2,5010,CC300,5700.0,APPROVED,v2
57,FY2023,2,5020,CC400,9350.0,APPROVED,v2
58,FY2023,2,6000,CC100,13950.0,APPROVED,v2
59,FY2023,2,6000,CC200,44250.0,APPROVED,v2
60,FY2023,2,6000,CC210,33400.0,APPROVED,v2
61,FY2023,2,6000,CC220,17050.0,APPROVED,v2
62,FY2023,2,6000,CC300,50950.0,APPROVED,v2
63,FY2023,2,6000,CC400,43850.0,APPROVED,v2
64,FY2023,2,6000,CC500,18500.0,APPROVED,v2
65,FY2023,2,6000,CC600,21750.0,APPROVED,v2
66,FY2023,2,6010,CC100,2000.0,APPROVED,v2
67,FY2023,2,6010,CC200,6050.0,APPROVED,v2
68,FY2023,2,6010,CC210,4400.0,APPROVED,v2
69,FY2023,2,6010,CC220,2250.0,APPROVED,v2
70,FY2023,2,6010,CC300,6000.0,APPROVED,v2
71,FY2023,2,6010,CC400,6300.0,APPROVED,v2
72,FY2023,2,6010,CC500,3000.0,APPROVED,v2
73,FY2023,2,6010,CC600,2900.0,APPROVED,v2
74,FY2023,2,6020,CC100,600.0,APPROVED,v2
75,FY2023,2,6020,CC200,1500.0,APPROVED,v2
76,FY2023,2,6020,CC210,1350.0,APPROVED,v2
77,FY2023,2,6020,CC220,650.0,APPROVED,v2
78,FY2023,2,6020,CC300,1800.0,APPROVED,v2
79,FY2023,2,6020,CC400,1750.0,APPROVED,v2
80,FY2023,2,6020,CC500,750.0,APPROVED,v2
81,FY2023,2,6020,CC600,850.0,APPROVED,v2
82,FY2023,2,6040,CC100,2600.0,APPROVED,v2
83,FY2023,2,6100,CC100,950.0,APPROVED,v2
84,FY2023,2,6110,CC100,2600.0,APPROVED,v2
85,FY2023,2,6120,CC300,900.0,APPROVED,v2
86,FY2023,2,6130,CC100,2600.0,APPROVED,v2
87,FY2023,2,6210,CC100,1150.0,APPROVED,v2
88,FY2023,2,6210,CC200,6300.0,APPROVED,v2
89,FY2023,2,6300,CC600,6750.0,APPROVED,v2
90,FY2023,2,6400,CC200,2000.0,APPROVED,v2
91,FY2023,2,6520,CC500,650.0,APPROVED,v2
92,FY2023,2,6600,CC100,16650.0,APPROVED,v2
93,FY2023,2,6900,CC220,2000.0,APPROVED,v2
94,FY2023,3,4000,CC200,208650.0,APPROVED,v2
95,FY2023,3,4000,CC210,139450.0,APPROVED,v2
96,FY2023,3,4010,CC220,143200.0,APPROVED,v2
97,FY2023,3,4020,CC200,13650.0,APPROVED,v2
98,FY2023,3,4020,CC220,58450.0,APPROVED,v2
99,FY2023,3,4030,CC200,69400.0,APPROVED,v2
100,FY2023,3,4030,CC210,20550.0,APPROVED,v2
101,FY2023,3,5000,CC300,97550.0,APPROVED,v2
102,FY2023,3,5000,CC400,103050.0,APPROVED,v2
103,FY2023,3,5020,CC400,1250.0,APPROVED,v2
104,FY2023,3,6000,CC100,15000.0,APPROVED,v2
105,FY2023,3,6000,CC200,43300.0,APPROVED,v2
106,FY2023,3,6000,CC210,33650.0,APPROVED,v2
107,FY2023,3,6000,CC220,13450.0,APPROVED,v2
108,FY2023,3,6000,CC300,46350.0,APPROVED,v2
109,FY2023,3,6000,CC400,46700.0,APPROVED,v2
110,FY2023,3,6000,CC500,20800.0,APPROVED,v2
111,FY2023,3,6000,CC600,19450.0,APPROVED,v2
112,FY2023,3,6010,CC100,1850.0,APPROVED,v2
113,FY2023,3,6010,CC200,5600.0,APPROVED,v2
114,FY2023,3,6010,CC210,4350.0,APPROVED,v2
115,FY2023,3,6010,CC220,1750.0,APPROVED,v2
116,FY2023,3,6010,CC300,6850.0,APPROVED,v2
117,FY2023,3,6010,CC400,6800.0,APPROVED,v2
118,FY2023,3,6010,CC500,2800.0,APPROVED,v2
119,FY2023,3,6010,CC600,2950.0,APPROVED,v2
120,FY2023,3,6020,CC100,550.0,APPROVED,v2
121,FY2023,3,6020,CC200,1550.0,APPROVED,v2
122,FY2023,3,6020,CC210,1300.0,APPROVED,v2
123,FY2023,3,6020,CC220,550.0,APPROVED,v2
124,FY2023,3,6020,CC300,1900.0,APPROVED,v2
125,FY2023,3,6020,CC400,2050.0,APPROVED,v2
126,FY2023,3,6020,CC500,800.0,APPROVED,v2
127,FY2023,3,6020,CC600,850.0,APPROVED,v2
128,FY2023,3,6040,CC100,1750.0,APPROVED,v2
129,FY2023,3,6100,CC100,3300.0,APPROVED,v2
130,FY2023,3,6110,CC100,1050.0,APPROVED,v2
131,FY2023,3,6120,CC400,1800.0,APPROVED,v2
132,FY2023,3,6200,CC200,1150.0,APPROVED,v2
133,FY2023,3,6210,CC100,1000.0,APPROVED,v2
134,FY2023,3,6220,CC210,1700.0,APPROVED,v2
135,FY2023,3,6310,CC600,2750.0,APPROVED,v2
136,FY2023,3,6400,CC220,1300.0,APPROVED,v2
137,FY2023,3,6600,CC100,17250.0,APPROVED,v2
138,FY2023,3,6900,CC220,1150.0,APPROVED,v2
139,FY2023,4,4000,CC200,125050.0,APPROVED,v2
140,FY2023,4,4000,CC210,107900.0,APPROVED,v2
141,FY2023,4,4010,CC220,155500.0,APPROVED,v2
142,FY2023,4,4020,CC200,12500.0,APPROVED,v2
143,FY2023,4,4020,CC220,49100.0,APPROVED,v2
144,FY2023,4,4030,CC200,70750.0,APPROVED,v2
145,FY2023,4,4030,CC210,3150.0,APPROVED,v2
146,FY2023,4,5000,CC300,105250.0,APPROVED,v2
147,FY2023,4,5000,CC400,134550.0,APPROVED,v2
148,FY2023,4,5010,CC300,4400.0,APPROVED,v2
149,FY2023,4,5020,CC400,5000.0,APPROVED,v2
150,FY2023,4,6000,CC100,12950.0,APPROVED,v2
151,FY2023,4,6000,CC200,40800.0,APPROVED,v2
152,FY2023,4,6000,CC210,34200.0,APPROVED,v2
153,FY2023,4,6000,CC220,14200.0,APPROVED,v2
154,FY2023,4,6000,CC300,46000.0,APPROVED,v2
155,FY2023,4,6000,CC400,48850.0,APPROVED,v2
156,FY2023,4,6000,CC500,20550.0,APPROVED,v2
157,FY2023,4,6000,CC600,21100.0,APPROVED,v2
158,FY2023,4,6010,CC100,2000.0,APPROVED,v2
159,FY2023,4,6010,CC200,6400.0,APPROVED,v2
160,FY2023,4,6010,CC210,4100.0,APPROVED,v2
161,FY2023,4,6010,CC220,2000.0,APPROVED,v2
162,FY2023,4,6010,CC300,6100.0,APPROVED,v2
163,FY2023,4,6010,CC400,6800.0,APPROVED,v2
164,FY2023,4,6010,CC500,2750.0,APPROVED,v2
165,FY2023,4,6010,CC600,3050.0,APPROVED,v2
166,FY2023,4,6020,CC100,600.0,APPROVED,v2
167,FY2023,4,6020,CC200,1650.0,APPROVED,v2
168,FY2023,4,6020,CC210,1350.0,APPROVED,v2
169,FY2023,4,6020,CC220,500.0,APPROVED,v2
170,FY2023,4,6020,CC300,1850.0,APPROVED,v2
171,FY2023,4,6020,CC400,1950.0,APPROVED,v2
172,FY2023,4,6020,CC500,900.0,APPROVED,v2
173,FY2023,4,6020,CC600,850.0,APPROVED,v2
174,FY2023,4,6040,CC100,3250.0,APPROVED,v2
175,FY2023,4,6120,CC400,1950.0,APPROVED,v2
176,FY2023,4,6130,CC100,1400.0,APPROVED,v2
177,FY2023,4,6140,CC400,950.0,APPROVED,v2
178,FY2023,4,6210,CC100,700.0,APPROVED,v2
179,FY2023,4,6300,CC600,950.0,APPROVED,v2
180,FY2023,4,6400,CC220,7500.0,APPROVED,v2
181,FY2023,4,6500,CC500,3950.0,APPROVED,v2
182,FY2023,4,6600,CC100,17050.0,APPROVED,v2
183,FY2023,4,6900,CC220,4650.0,APPROVED,v2
184,FY2023,5,4000,CC200,148200.0,APPROVED,v2
185,FY2023,5,4000,CC210,64950.0,APPROVED,v2
186,FY2023,5,4010,CC220,128850.0,APPROVED,v2
187,FY2023,5,4020,CC200,20900.0,APPROVED,v2
188,FY2023,5,4020,CC210,32850.0,APPROVED,v2
189,FY2023,5,4020,CC220,34900.0,APPROVED,v2
190,FY2023,5,4030,CC200,30200.0,APPROVED,v2
191,FY2023,5,4030,CC210,47750.0,APPROVED,v2
192,FY2023,5,5000,CC300,59550.0,APPROVED,v2
193,FY2023,5,5000,CC400,33500.0,APPROVED,v2
194,FY2023,5,5010,CC300,850.0,APPROVED,v2
195,FY2023,5,5020,CC400,4650.0,APPROVED,v2
196,FY2023,5,6000,CC100,14250.0,APPROVED,v2
197,FY2023,5,6000,CC200,37650.0,APPROVED,v2
198,FY2023,5,6000,CC210,34200.0,APPROVED,v2
199,FY2023,5,6000,CC220,18900.0,APPROVED,v2
200,FY2023,5,6000,CC300,51900.0,APPROVED,v2
201,FY2023,5,6000,CC400,47400.0,APPROVED,v2
202,FY2023,5,6000,CC500,19650.0,APPROVED,v2
203,FY2023,5,6000,CC600,22450.0,APPROVED,v2
204,FY2023,5,6010,CC100,1950.0,APPROVED,v2
205,FY2023,5,6010,CC200,5650.0,APPROVED,v2
206,FY2023,5,6010,CC210,4750.0,APPROVED,v2
207,FY2023,5,6010,CC220,2850.0,APPROVED,v2
208,FY2023,5,6010,CC300,6100.0,APPROVED,v2
209,FY2023,5,6010,CC400,6750.0,APPROVED,v2
210,FY2023,5,6010,CC500,2700.0,APPROVED,v2
211,FY2023,5,6010,CC600,2750.0,APPROVED,v2
212,FY2023,5,6020,CC100,600.0,APPROVED,v2
213,FY2023,5,6020,CC200,1450.0,APPROVED,v2
214,FY2023,5,6020,CC210,1300.0,APPROVED,v2
215,FY2023,5,6020,CC220,850.0,APPROVED,v2
216,FY2023,5,6020,CC300,1850.0,APPROVED,v2
217,FY2023,5,6020,CC400,2000.0,APPROVED,v2
218,FY2023,5,6020,CC500,850.0,APPROVED,v2
219,FY2023,5,6020,CC600,750.0,APPROVED,v2
220,FY2023,5,6040,CC100,7850.0,APPROVED,v2
221,FY2023,5,6100,CC100,1100.0,APPROVED,v2
222,FY2023,5,6120,CC400,7300.0,APPROVED,v2
223,FY2023,5,6140,CC400,1400.0,APPROVED,v2
224,FY2023,5,6200,CC200,1500.0,APPROVED,v2
225,FY2023,5,6200,CC300,550.0,APPROVED,v2
226,FY2023,5,6210,CC200,1300.0,APPROVED,v2
227,FY2023,5,6210,CC220,1000.0,APPROVED,v2
228,FY2023,5,6220,CC200,2100.0,APPROVED,v2
229,FY2023,5,6300,CC600,4900.0,APPROVED,v2
230,FY2023,5,6310,CC600,15650.0,APPROVED,v2
231,FY2023,5,6320,CC100,800.0,APPROVED,v2
232,FY2023,5,6400,CC220,3000.0,APPROVED,v2
233,FY2023,5,6600,CC100,17000.0,APPROVED,v2
234,FY2023,5,6900,CC220,4050.0,APPROVED,v2
235,FY2023,5,6900,CC300,-850.0,APPROVED,v2
236,FY2023,5,6900,CC400,-800.0,APPROVED,v2
237,FY2023,6,4000,CC200,192250.0,APPROVED,v2
238,FY2023,6,4000,CC210,85250.0,APPROVED,v2
239,FY2023,6,4010,CC220,144750.0,APPROVED,v2
240,FY2023,6,4020,CC210,20800.0,APPROVED,v2
241,FY2023,6,4020,CC220,21150.0,APPROVED,v2
242,FY2023,6,4030,CC200,76000.0,APPROVED,v2
243,FY2023,6,4030,CC210,6000.0,APPROVED,v2
244,FY2023,6,5000,CC300,112150.0,APPROVED,v2
245,FY2023,6,5000,CC400,37000.0,APPROVED,v2
246,FY2023,6,5010,CC300,1050.0,APPROVED,v2
247,FY2023,6,5020,CC400,8700.0,APPROVED,v2
248,FY2023,6,6000,CC100,14000.0,APPROVED,v2
249,FY2023,6,6000,CC200,40400.0,APPROVED,v2
250,FY2023,6,6000,CC210,34950.0,APPROVED,v2
251,FY2023,6,6000,CC220,21950.0,APPROVED,v2
252,FY2023,6,6000,CC300,43200.0,APPROVED,v2
253,FY2023,6,6000,CC400,50200.0,APPROVED,v2
254,FY2023,6,6000,CC500,20750.0,APPROVED,v2
255,FY2023,6,6000,CC600,19800.0,APPROVED,v2
256,FY2023,6,6010,CC100,1850.0,APPROVED,v2
257,FY2023,6,6010,CC200,5450.0,APPROVED,v2
258,FY2023,6,6010,CC210,4700.0,APPROVED,v2
259,FY2023,6,6010,CC220,2950.0,APPROVED,v2
260,FY2023,6,6010,CC300,6400.0,APPROVED,v2
261,FY2023,6,6010,CC400,6900.0,APPROVED,v2
262,FY2023,6,6010,CC500,2650.0,APPROVED,v2
263,FY2023,6,6010,CC600,2950.0,APPROVED,v2
264,FY2023,6,6020,CC100,550.0,APPROVED,v2
265,FY2023,6,6020,CC200,1850.0,APPROVED,v2
266,FY2023,6,6020,CC210,1450.0,APPROVED,v2
267,FY2023,6,6020,CC220,750.0,APPROVED,v2
268,FY2023,6,6020,CC300,1900.0,APPROVED,v2
269,FY2023,6,6020,CC400,2000.0,APPROVED,v2
270,FY2023,6,6020,CC500,850.0,APPROVED,v2
271,FY2023,6,6020,CC600,900.0,APPROVED,v2
272,FY2023,6,6040,CC100,1650.0,APPROVED,v2
273,FY2023,6,6100,CC100,5200.0,APPROVED,v2
274,FY2023,6,6120,CC400,3250.0,APPROVED,v2
275,FY2023,6,6130,CC100,1500.0,APPROVED,v2
276,FY2023,6,6200,CC220,5500.0,APPROVED,v2
277,FY2023,6,6210,CC200,1250.0,APPROVED,v2
278,FY2023,6,6310,CC600,1050.0,APPROVED,v2
279,FY2023,6,6320,CC500,2450.0,APPROVED,v2
280,FY2023,6,6400,CC220,4700.0,APPROVED,v2
281,FY2023,6,6500,CC500,2600.0,APPROVED,v2
282,FY2023,6,6510,CC500,5800.0,APPROVED,v2
283,FY2023,6,6600,CC100,17250.0,APPROVED,v2
284,FY2023,6,6900,CC220,650.0,APPROVED,v2
285,FY2023,6,6900,CC400,900.0,APPROVED,v2
286,FY2023,7,4000,CC200,262400.0,APPROVED,v2
287,FY2023,7,4000,CC210,105450.0,APPROVED,v2
288,FY2023,7,4010,CC220,128150.0,APPROVED,v2
289,FY2023,7,4020,CC210,25700.0,APPROVED,v2
290,FY2023,7,4020,CC220,12400.0,APPROVED,v2
291,FY2023,7,4030,CC200,30000.0,APPROVED,v2
292,FY2023,7,4030,CC210,13200.0,APPROVED,v2
293,FY2023,7,5000,CC300,31600.0,APPROVED,v2
294,FY2023,7,5000,CC400,24200.0,APPROVED,v2
295,FY2023,7,5010,CC300,5650.0,APPROVED,v2
296,FY2023,7,5020,CC400,7050.0,APPROVED,v2
297,FY2023,7,6000,CC100,16150.0,APPROVED,v2
298,FY2023,7,6000,CC200,40400.0,APPROVED,v2
299,FY2023,7,6000,CC210,34050.0,APPROVED,v2
300,FY2023,7,6000,CC220,22350.0,APPROVED,v2
301,FY2023,7,6000,CC300,45950.0,APPROVED,v2
302,FY2023,7,6000,CC400,53500.0,APPROVED,v2
303,FY2023,7,6000,CC500,19800.0,APPROVED,v2
304,FY2023,7,6000,CC600,23650.0,APPROVED,v2
305,FY2023,7,6010,CC100,2100.0,APPROVED,v2
306,FY2023,7,6010,CC200,5200.0,APPROVED,v2
307,FY2023,7,6010,CC210,4850.0,APPROVED,v2
308,FY2023,7,6010,CC220,2800.0,APPROVED,v2
309,FY2023,7,6010,CC300,6750.0,APPROVED,v2
310,FY2023,7,6010,CC400,6750.0,APPROVED,v2
311,FY2023,7,6010,CC500,3000.0,APPROVED,v2
312,FY2023,7,6010,CC600,2800.0,APPROVED,v2
313,FY2023,7,6020,CC100,500.0,APPROVED,v2
314,FY2023,7,6020,CC200,1500.0,APPROVED,v2
315,FY2023,7,6020,CC210,1500.0,APPROVED,v2
316,FY2023,7,6020,CC220,750.0,APPROVED,v2
317,FY2023,7,6020,CC300,2000.0,APPROVED,v2
318,FY2023,7,6020,CC400,2050.0,APPROVED,v2
319,FY2023,7,6020,CC500,800.0,APPROVED,v2
320,FY2023,7,6020,CC600,750.0,APPROVED,v2
321,FY2023,7,6100,CC100,1350.0,APPROVED,v2
322,FY2023,7,6110,CC100,2600.0,APPROVED,v2
323,FY2023,7,6140,CC400,7700.0,APPROVED,v2
324,FY2023,7,6200,CC220,1300.0,APPROVED,v2
325,FY2023,7,6200,CC300,1600.0,APPROVED,v2
326,FY2023,7,6210,CC100,1300.0,APPROVED,v2
327,FY2023,7,6220,CC200,750.0,APPROVED,v2
328,FY2023,7,6310,CC600,1950.0,APPROVED,v2
329,FY2023,7,6320,CC500,3200.0,APPROVED,v2
330,FY2023,7,6400,CC210,1750.0,APPROVED,v2
331,FY2023,7,6510,CC500,1200.0,APPROVED,v2
332,FY2023,7,6600,CC100,17750.0,APPROVED,v2
333,FY2023,7,6900,CC220,-5300.0,APPROVED,v2
334,FY2023,8,4000,CC200,197100.0,APPROVED,v2
335,FY2023,8,4000,CC210,232400.0,APPROVED,v2
336,FY2023,8,4010,CC220,128000.0,APPROVED,v2
337,FY2023,8,4020,CC200,29200.0,APPROVED,v2
338,FY2023,8,4020,CC210,14500.0,APPROVED,v2
339,FY2023,8,4020,CC220,71200.0,APPROVED,v2
340,FY2023,8,4030,CC200,14100.0,APPROVED,v2
341,FY2023,8,4030,CC210,138800.0,APPROVED,v2
342,FY2023,8,5000,CC300,150600.0,APPROVED,v2
343,FY2023,8,5000,CC400,48700.0,APPROVED,v2
344,FY2023,8,5010,CC300,5150.0,APPROVED,v2
345,FY2023,8,5020,CC400,4600.0,APPROVED,v2
346,FY2023,8,6000,CC100,13150.0,APPROVED,v2
347,FY2023,8,6000,CC200,40400.0,APPROVED,v2
348,FY2023,8,6000,CC210,32800.0,APPROVED,v2
349,FY2023,8,6000,CC220,18950.0,APPROVED,v2
350,FY2023,8,6000,CC300,48600.0,APPROVED,v2
351,FY2023,8,6000,CC400,49600.0,APPROVED,v2
352,FY2023,8,6000,CC500,20800.0,APPROVED,v2
353,FY2023,8,6000,CC600,21900.0,APPROVED,v2
354,FY2023,8,6010,CC100,2100.0,APPROVED,v2
355,FY2023,8,6010,CC200,5250.0,APPROVED,v2
356,FY2023,8,6010,CC210,4850.0,APPROVED,v2
357,FY2023,8,6010,CC220,2600.0,APPROVED,v2
358,FY2023,8,6010,CC300,6700.0,APPROVED,v2
359,FY2023,8,6010,CC400,7150.0,APPROVED,v2
360,FY2023,8,6010,CC500,2600.0,APPROVED,v2
361,FY2023,8,6010,CC600,2900.0,APPROVED,v2
362,FY2023,8,6020,CC100,550.0,APPROVED,v2
363,FY2023,8,6020,CC200,1550.0,APPROVED,v2
364,FY2023,8,6020,CC210,1350.0,APPROVED,v2
365,FY2023,8,6020,CC220,800.0,APPROVED,v2
366,FY2023,8,6020,CC300,1850.0,APPROVED,v2
367,FY2023,8,6020,CC400,1950.0,APPROVED,v2
368,FY2023,8,6020,CC500,850.0,APPROVED,v2
369,FY2023,8,6020,CC600,900.0,APPROVED,v2
370,FY2023,8,6040,CC100,1800.0,APPROVED,v2
371,FY2023,8,6100,CC100,950.0,APPROVED,v2
372,FY2023,8,6110,CC100,1100.0,APPROVED,v2
373,FY2023,8,6120,CC400,2000.0,APPROVED,v2
374,FY2023,8,6200,CC300,12050.0,APPROVED,v2
375,FY2023,8,6210,CC100,2150.0,APPROVED,v2
376,FY2023,8,6220,CC210,900.0,APPROVED,v2
377,FY2023,8,6300,CC600,800.0,APPROVED,v2
378,FY2023,8,6310,CC600,2250.0,APPROVED,v2
379,FY2023,8,6320,CC100,850.0,APPROVED,v2
380,FY2023,8,6400,CC200,3300.0,APPROVED,v2
381,FY2023,8,6400,CC220,9750.0,APPROVED,v2
382,FY2023,8,6600,CC100,17400.0,APPROVED,v2
383,FY2023,8,6900,CC220,-3450.0,APPROVED,v2
384,FY2023,9,4000,CC200,251050.0,APPROVED,v2
385,FY2023,9,4000,CC210,91600.0,APPROVED,v2
386,FY2023,9,4010,CC220,131500.0,APPROVED,v2
387,FY2023,9,4020,CC200,83350.0,APPROVED,v2
388,FY2023,9,4020,CC210,21850.0,APPROVED,v2
389,FY2023,9,4020,CC220,2550.0,APPROVED,v2
390,FY2023,9,4030,CC200,34200.0,APPROVED,v2
391,FY2023,9,4030,CC210,16200.0,APPROVED,v2
392,FY2023,9,5000,CC300,76000.0,APPROVED,v2
393,FY2023,9,5000,CC400,87150.0,APPROVED,v2
394,FY2023,9,5010,CC300,5350.0,APPROVED,v2
395,FY2023,9,5020,CC400,3100.0,APPROVED,v2
396,FY2023,9,6000,CC100,14150.0,APPROVED,v2
397,FY2023,9,6000,CC200,38950.0,APPROVED,v2
398,FY2023,9,6000,CC210,36600.0,APPROVED,v2
399,FY2023,9,6000,CC220,20750.0,APPROVED,v2
400,FY2023,9,6000,CC300,50450.0,APPROVED,v2
401,FY2023,9,6000,CC400,53600.0,APPROVED,v2
402,FY2023,9,6000,CC500,21200.0,APPROVED,v2
403,FY2023,9,6000,CC600,19750.0,APPROVED,v2
404,FY2023,9,6010,CC100,1850.0,APPROVED,v2
405,FY2023,9,6010,CC200,5200.0,APPROVED,v2
406,FY2023,9,6010,CC210,5500.0,APPROVED,v2
407,FY2023,9,6010,CC220,2800.0,APPROVED,v2
408,FY2023,9,6010,CC300,6800.0,APPROVED,v2
409,FY2023,9,6010,CC400,6950.0,APPROVED,v2
410,FY2023,9,6010,CC500,2800.0,APPROVED,v2
411,FY2023,9,6010,CC600,2700.0,APPROVED,v2
412,FY2023,9,6020,CC100,600.0,APPROVED,v2
413,FY2023,9,6020,CC200,1650.0,APPROVED,v2
414,FY2023,9,6020,CC210,1550.0,APPROVED,v2
415,FY2023,9,6020,CC220,850.0,APPROVED,v2
416,FY2023,9,6020,CC300,1950.0,APPROVED,v2
417,FY2023,9,6020,CC400,1850.0,APPROVED,v2
418,FY2023,9,6020,CC500,800.0,APPROVED,v2
419,FY2023,9,6020,CC600,850.0,APPROVED,v2
420,FY2023,9,6100,CC100,1950.0,APPROVED,v2
421,FY2023,9,6110,CC100,5100.0,APPROVED,v2
422,FY2023,9,6120,CC100,2250.0,APPROVED,v2
423,FY2023,9,6120,CC400,900.0,APPROVED,v2
424,FY2023,9,6140,CC300,1750.0,APPROVED,v2
425,FY2023,9,6200,CC220,4100.0,APPROVED,v2
426,FY2023,9,6210,CC210,1100.0,APPROVED,v2
427,FY2023,9,6220,CC200,3450.0,APPROVED,v2
428,FY2023,9,6310,CC600,3550.0,APPROVED,v2
429,FY2023,9,6320,CC500,1300.0,APPROVED,v2
430,FY2023,9,6400,CC210,2100.0,APPROVED,v2
431,FY2023,9,6400,CC220,6300.0,APPROVED,v2
432,FY2023,9,6520,CC500,650.0,APPROVED,v2
433,FY2023,9,6600,CC100,17500.0,APPROVED,v2
434,FY2023,9,6900,CC220,-2400.0,APPROVED,v2
435,FY2023,10,4000,CC200,99900.0,APPROVED,v2
436,FY2023,10,4000,CC210,60950.0,APPROVED,v2
437,FY2023,10,4010,CC220,174750.0,APPROVED,v2
438,FY2023,10,4020,CC210,11750.0,APPROVED,v2
439,FY2023,10,4020,CC220,25850.0,APPROVED,v2
440,FY2023,10,4030,CC200,27700.0,APPROVED,v2
441,FY2023,10,5000,CC300,203450.0,APPROVED,v2
442,FY2023,10,5000,CC400,60100.0,APPROVED,v2
443,FY2023,10,5010,CC300,2600.0,APPROVED,v2
444,FY2023,10,5020,CC400,5550.0,APPROVED,v2
445,FY2023,10,6000,CC100,14700.0,APPROVED,v2
446,FY2023,10,6000,CC200,41600.0,APPROVED,v2
447,FY2023,10,6000,CC210,37650.0,APPROVED,v2
448,FY2023,10,6000,CC220,20000.0,APPROVED,v2
449,FY2023,10,6000,CC300,50750.0,APPROVED,v2
450,FY2023,10,6000,CC400,48200.0,APPROVED,v2
451,FY2023,10,6000,CC500,20850.0,APPROVED,v2
452,FY2023,10,6000,CC600,20150.0,APPROVED,v2
453,FY2023,10,6010,CC100,2100.0,APPROVED,v2
454,FY2023,10,6010,CC200,5750.0,APPROVED,v2
455,FY2023,10,6010,CC210,4800.0,APPROVED,v2
456,FY2023,10,6010,CC220,2450.0,APPROVED,v2
457,FY2023,10,6010,CC300,7150.0,APPROVED,v2
458,FY2023,10,6010,CC400,7100.0,APPROVED,v2
459,FY2023,10,6010,CC500,2900.0,APPROVED,v2
460,FY2023,10,6010,CC600,3000.0,APPROVED,v2
461,FY2023,10,6020,CC100,600.0,APPROVED,v2
462,FY2023,10,6020,CC200,1700.0,APPROVED,v2
463,FY2023,10,6020,CC210,1600.0,APPROVED,v2
464,FY2023,10,6020,CC220,750.0,APPROVED,v2
465,FY2023,10,6020,CC300,1900.0,APPROVED,v2
466,FY2023,10,6020,CC400,1700.0,APPROVED,v2
467,FY2023,10,6020,CC500,850.0,APPROVED,v2
468,FY2023,10,6020,CC600,800.0,APPROVED,v2
469,FY2023,10,6130,CC100,1050.0,APPROVED,v2
470,FY2023,10,6140,CC300,5950.0,APPROVED,v2
471,FY2023,10,6140,CC400,1450.0,APPROVED,v2
472,FY2023,10,6200,CC210,1250.0,APPROVED,v2
473,FY2023,10,6200,CC220,850.0,APPROVED,v2
474,FY2023,10,6210,CC100,3450.0,APPROVED,v2
475,FY2023,10,6320,CC500,600.0,APPROVED,v2
476,FY2023,10,6400,CC200,600.0,APPROVED,v2
477,FY2023,10,6400,CC210,2500.0,APPROVED,v2
478,FY2023,10,6500,CC500,1650.0,APPROVED,v2
479,FY2023,10,6510,CC500,1250.0,APPROVED,v2
480,FY2023,10,6520,CC500,550.0,APPROVED,v2
481,FY2023,10,6600,CC100,16400.0,APPROVED,v2
482,FY2023,10,6900,CC220,-1200.0,APPROVED,v2
483,FY2023,10,6900,CC400,550.0,APPROVED,v2
484,FY2023,11,4000,CC200,211950.0,APPROVED,v2
485,FY2023,11,4000,CC210,143750.0,APPROVED,v2
486,FY2023,11,4010,CC220,125150.0,APPROVED,v2
487,FY2023,11,4020,CC200,28000.0,APPROVED,v2
488,FY2023,11,4020,CC210,3350.0,APPROVED,v2
489,FY2023,11,4020,CC220,18850.0,APPROVED,v2
490,FY2023,11,4030,CC200,28050.0,APPROVED,v2
491,FY2023,11,4030,CC210,7350.0,APPROVED,v2
492,FY2023,11,5000,CC300,127650.0,APPROVED,v2
493,FY2023,11,5000,CC400,23700.0,APPROVED,v2
494,FY2023,11,5010,CC300,2050.0,APPROVED,v2
495,FY2023,11,5020,CC400,2500.0,APPROVED,v2
496,FY2023,11,6000,CC100,13500.0,APPROVED,v2
497,FY2023,11,6000,CC200,34950.0,APPROVED,v2
498,FY2023,11,6000,CC210,37850.0,APPROVED,v2
499,FY2023,11,6000,CC220,20450.0,APPROVED,v2
500,FY2023,11,6000,CC300,50900.0,APPROVED,v2
501,FY2023,11,6000,CC400,45850.0,APPROVED,v2
502,FY2023,11,6000,CC500,28650.0,APPROVED,v2
503,FY2023,11,6000,CC600,20050.0,APPROVED,v2
504,FY2023,11,6010,CC100,2050.0,APPROVED,v2
505,FY2023,11,6010,CC200,5700.0,APPROVED,v2
506,FY2023,11,6010,CC210,5000.0,APPROVED,v2
507,FY2023,11,6010,CC220,2800.0,APPROVED,v2
508,FY2023,11,6010,CC300,8150.0,APPROVED,v2
509,FY2023,11,6010,CC400,6000.0,APPROVED,v2
510,FY2023,11,6010,CC500,3350.0,APPROVED,v2
511,FY2023,11,6010,CC600,3000.0,APPROVED,v2
512,FY2023,11,6020,CC100,600.0,APPROVED,v2
513,FY2023,11,6020,CC200,1750.0,APPROVED,v2
514,FY2023,11,6020,CC210,1450.0,APPROVED,v2
515,FY2023,11,6020,CC220,750.0,APPROVED,v2
516,FY2023,11,6020,CC300,2000.0,APPROVED,v2
517,FY2023,11,6020,CC400,1800.0,APPROVED,v2
518,FY2023,11,6020,CC500,1100.0,APPROVED,v2
519,FY2023,11,6020,CC600,850.0,APPROVED,v2
520,FY2023,11,6040,CC100,2600.0,APPROVED,v2
521,FY2023,11,6100,CC100,700.0,APPROVED,v2
522,FY2023,11,6110,CC100,1750.0,APPROVED,v2
523,FY2023,11,6120,CC400,900.0,APPROVED,v2
524,FY2023,11,6140,CC300,4150.0,APPROVED,v2
525,FY2023,11,6210,CC100,3350.0,APPROVED,v2
526,FY2023,11,6210,CC210,22700.0,APPROVED,v2
527,FY2023,11,6300,CC600,5850.0,APPROVED,v2
528,FY2023,11,6310,CC600,900.0,APPROVED,v2
529,FY2023,11,6400,CC220,4850.0,APPROVED,v2
530,FY2023,11,6510,CC500,3550.0,APPROVED,v2
531,FY2023,11,6600,CC100,17400.0,APPROVED,v2
532,FY2023,11,6900,CC400,-600.0,APPROVED,v2
533,FY2023,12,4000,CC200,111500.0,APPROVED,v2
534,FY2023,12,4000,CC210,217950.0,APPROVED,v2
535,FY2023,12,4010,CC220,266550.0,APPROVED,v2
536,FY2023,12,4020,CC210,3550.0,APPROVED,v2
537,FY2023,12,4020,CC220,19450.0,APPROVED,v2
538,FY2023,12,4030,CC200,48500.0,APPROVED,v2
539,FY2023,12,4030,CC210,37450.0,APPROVED,v2
540,FY2023,12,5000,CC300,112900.0,APPROVED,v2
541,FY2023,12,5000,CC400,53550.0,APPROVED,v2
542,FY2023,12,5010,CC300,3850.0,APPROVED,v2
543,FY2023,12,5020,CC400,3050.0,APPROVED,v2
544,FY2023,12,6000,CC100,12700.0,APPROVED,v2
545,FY2023,12,6000,CC200,42400.0,APPROVED,v2
546,FY2023,12,6000,CC210,39350.0,APPROVED,v2
547,FY2023,12,6000,CC220,19650.0,APPROVED,v2
548,FY2023,12,6000,CC300,55450.0,APPROVED,v2
549,FY2023,12,6000,CC400,47700.0,APPROVED,v2
550,FY2023,12,6000,CC500,27000.0,APPROVED,v2
551,FY2023,12,6000,CC600,20700.0,APPROVED,v2
552,FY2023,12,6010,CC100,2250.0,APPROVED,v2
553,FY2023,12,6010,CC200,5250.0,APPROVED,v2
554,FY2023,12,6010,CC210,5900.0,APPROVED,v2
555,FY2023,12,6010,CC220,2950.0,APPROVED,v2
556,FY2023,12,6010,CC300,7950.0,APPROVED,v2
557,FY2023,12,6010,CC400,6100.0,APPROVED,v2
558,FY2023,12,6010,CC500,3650.0,APPROVED,v2
559,FY2023,12,6010,CC600,2750.0,APPROVED,v2
560,FY2023,12,6020,CC100,550.0,APPROVED,v2
561,FY2023,12,6020,CC200,1550.0,APPROVED,v2
562,FY2023,12,6020,CC210,1600.0,APPROVED,v2
563,FY2023,12,6020,CC220,900.0,APPROVED,v2
564,FY2023,12,6020,CC300,2050.0,APPROVED,v2
565,FY2023,12,6020,CC400,2000.0,APPROVED,v2
566,FY2023,12,6020,CC500,1000.0,APPROVED,v2
567,FY2023,12,6020,CC600,900.0,APPROVED,v2
568,FY2023,12,6040,CC100,5650.0,APPROVED,v2
569,FY2023,12,6100,CC100,2900.0,APPROVED,v2
570,FY2023,12,6140,CC400,3700.0,APPROVED,v2
571,FY2023,12,6210,CC200,750.0,APPROVED,v2
572,FY2023,12,6210,CC500,2050.0,APPROVED,v2
573,FY2023,12,6220,CC210,2650.0,APPROVED,v2
574,FY2023,12,6300,CC600,10600.0,APPROVED,v2
575,FY2023,12,6310,CC600,4600.0,APPROVED,v2
576,FY2023,12,6400,CC200,1500.0,APPROVED,v2
577,FY2023,12,6400,CC210,750.0,APPROVED,v2
578,FY2023,12,6400,CC220,850.0,APPROVED,v2
579,FY2023,12,6500,CC500,69900.0,APPROVED,v2
580,FY2023,12,6510,CC500,650.0,APPROVED,v2
581,FY2023,12,6520,CC500,500.0,APPROVED,v2
582,FY2023,12,6600,CC100,19700.0,APPROVED,v2
583,FY2023,12,6900,CC220,-5750.0,APPROVED,v2
584,FY2023,12,8000,CC500,226900.0,APPROVED,v2
585,FY2024,1,4000,CC200,187200.0,APPROVED,v2
586,FY2024,1,4000,CC210,36950.0,APPROVED,v2
587,FY2024,1,4010,CC220,168300.0,APPROVED,v2
588,FY2024,1,4020,CC200,4450.0,APPROVED,v2
589,FY2024,1,4020,CC220,85500.0,APPROVED,v2
590,FY2024,1,4030,CC200,45350.0,APPROVED,v2
591,FY2024,1,4030,CC210,50450.0,APPROVED,v2
592,FY2024,1,5000,CC300,67300.0,APPROVED,v2
593,FY2024,1,5000,CC400,81350.0,APPROVED,v2
594,FY2024,1,5010,CC300,2800.0,APPROVED,v2
595,FY2024,1,5020,CC400,5100.0,APPROVED,v2
596,FY2024,1,6000,CC100,14800.0,APPROVED,v2
597,FY2024,1,6000,CC200,39450.0,APPROVED,v2
598,FY2024,1,6000,CC210,30550.0,APPROVED,v2
599,FY2024,1,6000,CC220,16850.0,APPROVED,v2
600,FY2024,1,6000,CC300,47450.0,APPROVED,v2
601,FY2024,1,6000,CC400,46050.0,APPROVED,v2
602,FY2024,1,6000,CC500,19400.0,APPROVED,v2
603,FY2024,1,6000,CC600,20850.0,APPROVED,v2
604,FY2024,1,6010,CC100,2100.0,APPROVED,v2
605,FY2024,1,6010,CC200,5850.0,APPROVED,v2
606,FY2024,1,6010,CC210,4500.0,APPROVED,v2
607,FY2024,1,6010,CC220,2200.0,APPROVED,v2
608,FY2024,1,6010,CC300,6200.0,APPROVED,v2
609,FY2024,1,6010,CC400,6250.0,APPROVED,v2
610,FY2024,1,6010,CC500,2900.0,APPROVED,v2
611,FY2024,1,6010,CC600,2750.0,APPROVED,v2
612,FY2024,1,6020,CC100,550.0,APPROVED,v2
613,FY2024,1,6020,CC200,1650.0,APPROVED,v2
614,FY2024,1,6020,CC210,1150.0,APPROVED,v2
615,FY2024,1,6020,CC220,650.0,APPROVED,v2
616,FY2024,1,6020,CC300,2100.0,APPROVED,v2
617,FY2024,1,6020,CC400,1850.0,APPROVED,v2
618,FY2024,1,6020,CC500,800.0,APPROVED,v2
619,FY2024,1,6020,CC600,800.0,APPROVED,v2
620,FY2024,1,6040,CC100,4450.0,APPROVED,v2
621,FY2024,1,6120,CC400,2450.0,APPROVED,v2
622,FY2024,1,6200,CC210,2200.0,APPROVED,v2
623,FY2024,1,6210,CC220,2550.0,APPROVED,v2
624,FY2024,1,6220,CC220,850.0,APPROVED,v2
625,FY2024,1,6300,CC600,7150.0,APPROVED,v2
626,FY2024,1,6310,CC600,1000.0,APPROVED,v2
627,FY2024,1,6320,CC100,2000.0,APPROVED,v2
628,FY2024,1,6510,CC500,800.0,APPROVED,v2
629,FY2024,1,6600,CC100,15600.0,APPROVED,v2
630,FY2024,1,6900,CC220,-950.0,APPROVED,v2
631,FY2024,2,4000,CC200,189600.0,APPROVED,v2
632,FY2024,2,4000,CC210,112550.0,APPROVED,v2
633,FY2024,2,4010,CC220,100350.0,APPROVED,v2
634,FY2024,2,4020,CC200,5600.0,APPROVED,v2
635,FY2024,2,4020,CC220,22950.0,APPROVED,v2
636,FY2024,2,4030,CC200,44350.0,APPROVED,v2
637,FY2024,2,4030,CC210,20900.0,APPROVED,v2
638,FY2024,2,5000,CC300,67700.0,APPROVED,v2
639,FY2024,2,5000,CC400,23150.0,APPROVED,v2
640,FY2024,2,5010,CC300,5700.0,APPROVED,v2
641,FY2024,2,5020,CC400,8400.0,APPROVED,v2
642,FY2024,2,6000,CC100,15050.0,APPROVED,v2
643,FY2024,2,6000,CC200,36300.0,APPROVED,v2
644,FY2024,2,6000,CC210,34700.0,APPROVED,v2
645,FY2024,2,6000,CC220,16500.0,APPROVED,v2
646,FY2024,2,6000,CC300,45650.0,APPROVED,v2
647,FY2024,2,6000,CC400,44250.0,APPROVED,v2
648,FY2024,2,6000,CC500,20150.0,APPROVED,v2
649,FY2024,2,6000,CC600,20950.0,APPROVED,v2
650,FY2024,2,6010,CC100,2050.0,APPROVED,v2
651,FY2024,2,6010,CC200,5600.0,APPROVED,v2
652,FY2024,2,6010,CC210,4700.0,APPROVED,v2
653,FY2024,2,6010,CC220,2000.0,APPROVED,v2
654,FY2024,2,6010,CC300,6650.0,APPROVED,v2
655,FY2024,2,6010,CC400,5700.0,APPROVED,v2
656,FY2024,2,6010,CC500,2750.0,APPROVED,v2
657,FY2024,2,6010,CC600,2800.0,APPROVED,v2
658,FY2024,2,6020,CC100,600.0,APPROVED,v2
659,FY2024,2,6020,CC200,1550.0,APPROVED,v2
660,FY2024,2,6020,CC210,1200.0,APPROVED,v2
661,FY2024,2,6020,CC220,650.0,APPROVED,v2
662,FY2024,2,6020,CC300,2050.0,APPROVED,v2
663,FY2024,2,6020,CC400,1800.0,APPROVED,v2
664,FY2024,2,6020,CC500,900.0,APPROVED,v2
665,FY2024,2,6020,CC600,800.0,APPROVED,v2
666,FY2024,2,6040,CC100,2600.0,APPROVED,v2
667,FY2024,2,6100,CC100,1050.0,APPROVED,v2
668,FY2024,2,6110,CC100,2900.0,APPROVED,v2
669,FY2024,2,6120,CC300,900.0,APPROVED,v2
670,FY2024,2,6130,CC100,2400.0,APPROVED,v2
671,FY2024,2,6210,CC100,1100.0,APPROVED,v2
672,FY2024,2,6210,CC200,5650.0,APPROVED,v2
673,FY2024,2,6300,CC600,7150.0,APPROVED,v2
674,FY2024,2,6400,CC200,1900.0,APPROVED,v2
675,FY2024,2,6520,CC500,600.0,APPROVED,v2
676,FY2024,2,6600,CC100,14050.0,APPROVED,v2
677,FY2024,2,6900,CC220,2000.0,APPROVED,v2
678,FY2024,3,4000,CC200,175700.0,APPROVED,v2
679,FY2024,3,4000,CC210,133400.0,APPROVED,v2
680,FY2024,3,4010,CC220,151200.0,APPROVED,v2
681,FY2024,3,4020,CC200,13550.0,APPROVED,v2
682,FY2024,3,4020,CC220,53800.0,APPROVED,v2
683,FY2024,3,4030,CC200,64150.0,APPROVED,v2
684,FY2024,3,4030,CC210,20200.0,APPROVED,v2
685,FY2024,3,5000,CC300,105050.0,APPROVED,v2
686,FY2024,3,5000,CC400,103050.0,APPROVED,v2
687,FY2024,3,5020,CC400,1300.0,APPROVED,v2
688,FY2024,3,6000,CC100,13400.0,APPROVED,v2
689,FY2024,3,6000,CC200,39850.0,APPROVED,v2
690,FY2024,3,6000,CC210,32050.0,APPROVED,v2
691,FY2024,3,6000,CC220,13700.0,APPROVED,v2
692,FY2024,3,6000,CC300,47950.0,APPROVED,v2
693,FY2024,3,6000,CC400,43850.0,APPROVED,v2
694,FY2024,3,6000,CC500,19100.0,APPROVED,v2
695,FY2024,3,6000,CC600,20950.0,APPROVED,v2
696,FY2024,3,6010,CC100,2000.0,APPROVED,v2
697,FY2024,3,6010,CC200,5150.0,APPROVED,v2
698,FY2024,3,6010,CC210,4650.0,APPROVED,v2
699,FY2024,3,6010,CC220,1800.0,APPROVED,v2
700,FY2024,3,6010,CC300,6600.0,APPROVED,v2
701,FY2024,3,6010,CC400,7000.0,APPROVED,v2
702,FY2024,3,6010,CC500,2800.0,APPROVED,v2
703,FY2024,3,6010,CC600,2800.0,APPROVED,v2
704,FY2024,3,6020,CC100,600.0,APPROVED,v2
705,FY2024,3,6020,CC200,1400.0,APPROVED,v2
706,FY2024,3,6020,CC210,1250.0,APPROVED,v2
707,FY2024,3,6020,CC220,550.0,APPROVED,v2
708,FY2024,3,6020,CC300,1900.0,APPROVED,v2
709,FY2024,3,6020,CC400,1900.0,APPROVED,v2
710,FY2024,3,6020,CC500,800.0,APPROVED,v2
711,FY2024,3,6020,CC600,900.0,APPROVED,v2
712,FY2024,3,6040,CC100,1900.0,APPROVED,v2
713,FY2024,3,6100,CC100,3150.0,APPROVED,v2
714,FY2024,3,6110,CC100,1100.0,APPROVED,v2
715,FY2024,3,6120,CC400,2000.0,APPROVED,v2
716,FY2024,3,6200,CC200,1000.0,APPROVED,v2
717,FY2024,3,6210,CC100,900.0,APPROVED,v2
718,FY2024,3,6220,CC210,1700.0,APPROVED,v2
719,FY2024,3,6310,CC600,2750.0,APPROVED,v2
720,FY2024,3,6400,CC220,1400.0,APPROVED,v2
721,FY2024,3,6600,CC100,16900.0,APPROVED,v2
722,FY2024,3,6900,CC220,1200.0,APPROVED,v2
723,FY2024,4,4000,CC200,121900.0,APPROVED,v2
724,FY2024,4,4000,CC210,118800.0,APPROVED,v2
725,FY2024,4,4010,CC220,157150.0,APPROVED,v2
726,FY2024,4,4020,CC200,13550.0,APPROVED,v2
727,FY2024,4,4020,CC220,51450.0,APPROVED,v2
728,FY2024,4,4030,CC200,65050.0,APPROVED,v2
729,FY2024,4,4030,CC210,3100.0,APPROVED,v2
730,FY2024,4,5000,CC300,110550.0,APPROVED,v2
731,FY2024,4,5000,CC400,142950.0,APPROVED,v2
732,FY2024,4,5010,CC300,4950.0,APPROVED,v2
733,FY2024,4,5020,CC400,5000.0,APPROVED,v2
734,FY2024,4,6000,CC100,12650.0,APPROVED,v2
735,FY2024,4,6000,CC200,41000.0,APPROVED,v2
736,FY2024,4,6000,CC210,32200.0,APPROVED,v2
737,FY2024,4,6000,CC220,13100.0,APPROVED,v2
738,FY2024,4,6000,CC300,50250.0,APPROVED,v2
739,FY2024,4,6000,CC400,52650.0,APPROVED,v2
740,FY2024,4,6000,CC500,20400.0,APPROVED,v2
741,FY2024,4,6000,CC600,20900.0,APPROVED,v2
742,FY2024,4,6010,CC100,1900.0,APPROVED,v2
743,FY2024,4,6010,CC200,5250.0,APPROVED,v2
744,FY2024,4,6010,CC210,4750.0,APPROVED,v2
745,FY2024,4,6010,CC220,2000.0,APPROVED,v2
746,FY2024,4,6010,CC300,6700.0,APPROVED,v2
747,FY2024,4,6010,CC400,7150.0,APPROVED,v2
748,FY2024,4,6010,CC500,3100.0,APPROVED,v2
749,FY2024,4,6010,CC600,2750.0,APPROVED,v2
750,FY2024,4,6020,CC100,600.0,APPROVED,v2
751,FY2024,4,6020,CC200,1650.0,APPROVED,v2
752,FY2024,4,6020,CC210,1200.0,APPROVED,v2
753,FY2024,4,6020,CC220,550.0,APPROVED,v2
754,FY2024,4,6020,CC300,1950.0,APPROVED,v2
755,FY2024,4,6020,CC400,1950.0,APPROVED,v2
756,FY2024,4,6020,CC500,800.0,APPROVED,v2
757,FY2024,4,6020,CC600,950.0,APPROVED,v2
758,FY2024,4,6040,CC100,3400.0,APPROVED,v2
759,FY2024,4,6120,CC400,1950.0,APPROVED,v2
760,FY2024,4,6130,CC100,1200.0,APPROVED,v2
761,FY2024,4,6140,CC400,950.0,APPROVED,v2
762,FY2024,4,6210,CC100,650.0,APPROVED,v2
763,FY2024,4,6300,CC600,950.0,APPROVED,v2
764,FY2024,4,6400,CC220,7600.0,APPROVED,v2
765,FY2024,4,6500,CC500,3400.0,APPROVED,v2
766,FY2024,4,6600,CC100,18800.0,APPROVED,v2
767,FY2024,4,6900,CC220,4550.0,APPROVED,v2
768,FY2024,5,4000,CC200,157600.0,APPROVED,v2
769,FY2024,5,4000,CC210,67900.0,APPROVED,v2
770,FY2024,5,4010,CC220,134750.0,APPROVED,v2
771,FY2024,5,4020,CC200,23200.0,APPROVED,v2
772,FY2024,5,4020,CC210,31400.0,APPROVED,v2
773,FY2024,5,4020,CC220,31050.0,APPROVED,v2
774,FY2024,5,4030,CC200,30150.0,APPROVED,v2
775,FY2024,5,4030,CC210,51300.0,APPROVED,v2
776,FY2024,5,5000,CC300,58950.0,APPROVED,v2
777,FY2024,5,5000,CC400,27900.0,APPROVED,v2
778,FY2024,5,5010,CC300,850.0,APPROVED,v2
779,FY2024,5,5020,CC400,5550.0,APPROVED,v2
780,FY2024,5,6000,CC100,14350.0,APPROVED,v2
781,FY2024,5,6000,CC200,39350.0,APPROVED,v2
782,FY2024,5,6000,CC210,35550.0,APPROVED,v2
783,FY2024,5,6000,CC220,21000.0,APPROVED,v2
784,FY2024,5,6000,CC300,43200.0,APPROVED,v2
785,FY2024,5,6000,CC400,46450.0,APPROVED,v2
786,FY2024,5,6000,CC500,20050.0,APPROVED,v2
787,FY2024,5,6000,CC600,22000.0,APPROVED,v2
788,FY2024,5,6010,CC100,2000.0,APPROVED,v2
789,FY2024,5,6010,CC200,5650.0,APPROVED,v2
790,FY2024,5,6010,CC210,4950.0,APPROVED,v2
791,FY2024,5,6010,CC220,2800.0,APPROVED,v2
792,FY2024,5,6010,CC300,6200.0,APPROVED,v2
793,FY2024,5,6010,CC400,6550.0,APPROVED,v2
794,FY2024,5,6010,CC500,2700.0,APPROVED,v2
795,FY2024,5,6010,CC600,2850.0,APPROVED,v2
796,FY2024,5,6020,CC100,600.0,APPROVED,v2
797,FY2024,5,6020,CC200,1500.0,APPROVED,v2
798,FY2024,5,6020,CC210,1500.0,APPROVED,v2
799,FY2024,5,6020,CC220,750.0,APPROVED,v2
800,FY2024,5,6020,CC300,1800.0,APPROVED,v2
801,FY2024,5,6020,CC400,2050.0,APPROVED,v2
802,FY2024,5,6020,CC500,800.0,APPROVED,v2
803,FY2024,5,6020,CC600,900.0,APPROVED,v2
804,FY2024,5,6040,CC100,8550.0,APPROVED,v2
805,FY2024,5,6100,CC100,1050.0,APPROVED,v2
806,FY2024,5,6120,CC400,8000.0,APPROVED,v2
807,FY2024,5,6140,CC400,1400.0,APPROVED,v2
808,FY2024,5,6200,CC200,1950.0,APPROVED,v2
809,FY2024,5,6200,CC300,500.0,APPROVED,v2
810,FY2024,5,6210,CC200,1150.0,APPROVED,v2
811,FY2024,5,6210,CC220,1050.0,APPROVED,v2
812,FY2024,5,6220,CC200,2150.0,APPROVED,v2
813,FY2024,5,6300,CC600,5450.0,APPROVED,v2
814,FY2024,5,6310,CC600,13100.0,APPROVED,v2
815,FY2024,5,6320,CC100,750.0,APPROVED,v2
816,FY2024,5,6400,CC220,2750.0,APPROVED,v2
817,FY2024,5,6600,CC100,18150.0,APPROVED,v2
818,FY2024,5,6900,CC220,3400.0,APPROVED,v2
819,FY2024,5,6900,CC300,-850.0,APPROVED,v2
820,FY2024,5,6900,CC400,-850.0,APPROVED,v2
821,FY2024,6,4000,CC200,212350.0,APPROVED,v2
822,FY2024,6,4000,CC210,76350.0,APPROVED,v2
823,FY2024,6,4010,CC220,144350.0,APPROVED,v2
824,FY2024,6,4020,CC210,21250.0,APPROVED,v2
825,FY2024,6,4020,CC220,21450.0,APPROVED,v2
826,FY2024,6,4030,CC200,71750.0,APPROVED,v2
827,FY2024,6,4030,CC210,5750.0,APPROVED,v2
828,FY2024,6,5000,CC300,119950.0,APPROVED,v2
829,FY2024,6,5000,CC400,38800.0,APPROVED,v2
830,FY2024,6,5010,CC300,1100.0,APPROVED,v2
831,FY2024,6,5020,CC400,9100.0,APPROVED,v2
832,FY2024,6,6000,CC100,14000.0,APPROVED,v2
833,FY2024,6,6000,CC200,40850.0,APPROVED,v2
834,FY2024,6,6000,CC210,35750.0,APPROVED,v2
835,FY2024,6,6000,CC220,21300.0,APPROVED,v2
836,FY2024,6,6000,CC300,42900.0,APPROVED,v2
837,FY2024,6,6000,CC400,55150.0,APPROVED,v2
838,FY2024,6,6000,CC500,22000.0,APPROVED,v2
839,FY2024,6,6000,CC600,18900.0,APPROVED,v2
840,FY2024,6,6010,CC100,1950.0,APPROVED,v2
841,FY2024,6,6010,CC200,6150.0,APPROVED,v2
842,FY2024,6,6010,CC210,4850.0,APPROVED,v2
843,FY2024,6,6010,CC220,2650.0,APPROVED,v2
844,FY2024,6,6010,CC300,6100.0,APPROVED,v2
845,FY2024,6,6010,CC400,7250.0,APPROVED,v2
846,FY2024,6,6010,CC500,2750.0,APPROVED,v2
847,FY2024,6,6010,CC600,3300.0,APPROVED,v2
848,FY2024,6,6020,CC100,550.0,APPROVED,v2
849,FY2024,6,6020,CC200,1650.0,APPROVED,v2
850,FY2024,6,6020,CC210,1400.0,APPROVED,v2
851,FY2024,6,6020,CC220,800.0,APPROVED,v2
852,FY2024,6,6020,CC300,1950.0,APPROVED,v2
853,FY2024,6,6020,CC400,1950.0,APPROVED,v2
854,FY2024,6,6020,CC500,900.0,APPROVED,v2
855,FY2024,6,6020,CC600,800.0,APPROVED,v2
856,FY2024,6,6040,CC100,1500.0,APPROVED,v2
857,FY2024,6,6100,CC100,5500.0,APPROVED,v2
858,FY2024,6,6120,CC400,3300.0,APPROVED,v2
859,FY2024,6,6130,CC100,1550.0,APPROVED,v2
860,FY2024,6,6200,CC220,5000.0,APPROVED,v2
861,FY2024,6,6210,CC200,1300.0,APPROVED,v2
862,FY2024,6,6310,CC600,1050.0,APPROVED,v2
863,FY2024,6,6320,CC500,2500.0,APPROVED,v2
864,FY2024,6,6400,CC220,4250.0,APPROVED,v2
865,FY2024,6,6500,CC500,2550.0,APPROVED,v2
866,FY2024,6,6510,CC500,5850.0,APPROVED,v2
867,FY2024,6,6600,CC100,16850.0,APPROVED,v2
868,FY2024,6,6900,CC220,650.0,APPROVED,v2
869,FY2024,6,6900,CC400,1000.0,APPROVED,v2
870,FY2024,7,4000,CC200,252150.0,APPROVED,v2
871,FY2024,7,4000,CC210,103000.0,APPROVED,v2
872,FY2024,7,4010,CC220,124650.0,APPROVED,v2
873,FY2024,7,4020,CC210,28650.0,APPROVED,v2
874,FY2024,7,4020,CC220,10800.0,APPROVED,v2
875,FY2024,7,4030,CC200,34000.0,APPROVED,v2
876,FY2024,7,4030,CC210,13700.0,APPROVED,v2
877,FY2024,7,5000,CC300,30450.0,APPROVED,v2
878,FY2024,7,5000,CC400,26550.0,APPROVED,v2
879,FY2024,7,5010,CC300,5600.0,APPROVED,v2
880,FY2024,7,5020,CC400,6850.0,APPROVED,v2
881,FY2024,7,6000,CC100,15000.0,APPROVED,v2
882,FY2024,7,6000,CC200,41500.0,APPROVED,v2
883,FY2024,7,6000,CC210,34950.0,APPROVED,v2
884,FY2024,7,6000,CC220,20350.0,APPROVED,v2
885,FY2024,7,6000,CC300,49800.0,APPROVED,v2
886,FY2024,7,6000,CC400,53300.0,APPROVED,v2
887,FY2024,7,6000,CC500,17550.0,APPROVED,v2
888,FY2024,7,6000,CC600,19500.0,APPROVED,v2
889,FY2024,7,6010,CC100,2000.0,APPROVED,v2
890,FY2024,7,6010,CC200,5700.0,APPROVED,v2
891,FY2024,7,6010,CC210,4850.0,APPROVED,v2
892,FY2024,7,6010,CC220,2900.0,APPROVED,v2
893,FY2024,7,6010,CC300,7350.0,APPROVED,v2
894,FY2024,7,6010,CC400,6400.0,APPROVED,v2
895,FY2024,7,6010,CC500,2850.0,APPROVED,v2
896,FY2024,7,6010,CC600,2800.0,APPROVED,v2
897,FY2024,7,6020,CC100,600.0,APPROVED,v2
898,FY2024,7,6020,CC200,1550.0,APPROVED,v2
899,FY2024,7,6020,CC210,1300.0,APPROVED,v2
900,FY2024,7,6020,CC220,900.0,APPROVED,v2
901,FY2024,7,6020,CC300,1900.0,APPROVED,v2
902,FY2024,7,6020,CC400,2000.0,APPROVED,v2
903,FY2024,7,6020,CC500,750.0,APPROVED,v2
904,FY2024,7,6020,CC600,750.0,APPROVED,v2
905,FY2024,7,6100,CC100,1350.0,APPROVED,v2
906,FY2024,7,6110,CC100,2600.0,APPROVED,v2
907,FY2024,7,6140,CC400,8750.0,APPROVED,v2
908,FY2024,7,6200,CC220,1150.0,APPROVED,v2
909,FY2024,7,6200,CC300,1650.0,APPROVED,v2
910,FY2024,7,6210,CC100,1300.0,APPROVED,v2
911,FY2024,7,6220,CC200,850.0,APPROVED,v2
912,FY2024,7,6310,CC600,1750.0,APPROVED,v2
913,FY2024,7,6320,CC500,3000.0,APPROVED,v2
914,FY2024,7,6400,CC210,1700.0,APPROVED,v2
915,FY2024,7,6510,CC500,1150.0,APPROVED,v2
916,FY2024,7,6600,CC100,16500.0,APPROVED,v2
917,FY2024,7,6900,CC220,-5250.0,APPROVED,v2
918,FY2024,8,4000,CC200,203500.0,APPROVED,v2
919,FY2024,8,4000,CC210,213200.0,APPROVED,v2
920,FY2024,8,4010,CC220,118350.0,APPROVED,v2
921,FY2024,8,4020,CC200,32250.0,APPROVED,v2
922,FY2024,8,4020,CC210,15950.0,APPROVED,v2
923,FY2024,8,4020,CC220,69850.0,APPROVED,v2
924,FY2024,8,4030,CC200,14650.0,APPROVED,v2
925,FY2024,8,4030,CC210,127100.0,APPROVED,v2
926,FY2024,8,5000,CC300,145500.0,APPROVED,v2
927,FY2024,8,5000,CC400,46550.0,APPROVED,v2
928,FY2024,8,5010,CC300,5050.0,APPROVED,v2
929,FY2024,8,5020,CC400,4300.0,APPROVED,v2
930,FY2024,8,6000,CC100,15800.0,APPROVED,v2
931,FY2024,8,6000,CC200,40550.0,APPROVED,v2
932,FY2024,8,6000,CC210,31800.0,APPROVED,v2
933,FY2024,8,6000,CC220,22800.0,APPROVED,v2
934,FY2024,8,6000,CC300,46750.0,APPROVED,v2
935,FY2024,8,6000,CC400,47700.0,APPROVED,v2
936,FY2024,8,6000,CC500,23100.0,APPROVED,v2
937,FY2024,8,6000,CC600,19300.0,APPROVED,v2
938,FY2024,8,6010,CC100,2100.0,APPROVED,v2
939,FY2024,8,6010,CC200,5750.0,APPROVED,v2
940,FY2024,8,6010,CC210,5100.0,APPROVED,v2
941,FY2024,8,6010,CC220,2750.0,APPROVED,v2
942,FY2024,8,6010,CC300,6200.0,APPROVED,v2
943,FY2024,8,6010,CC400,6850.0,APPROVED,v2
944,FY2024,8,6010,CC500,2600.0,APPROVED,v2
945,FY2024,8,6010,CC600,3150.0,APPROVED,v2
946,FY2024,8,6020,CC100,600.0,APPROVED,v2
947,FY2024,8,6020,CC200,1700.0,APPROVED,v2
948,FY2024,8,6020,CC210,1350.0,APPROVED,v2
949,FY2024,8,6020,CC220,900.0,APPROVED,v2
950,FY2024,8,6020,CC300,1950.0,APPROVED,v2
951,FY2024,8,6020,CC400,2050.0,APPROVED,v2
952,FY2024,8,6020,CC500,850.0,APPROVED,v2
953,FY2024,8,6020,CC600,850.0,APPROVED,v2
954,FY2024,8,6040,CC100,1700.0,APPROVED,v2
955,FY2024,8,6100,CC100,1050.0,APPROVED,v2
956,FY2024,8,6110,CC100,1100.0,APPROVED,v2
957,FY2024,8,6120,CC400,1850.0,APPROVED,v2
958,FY2024,8,6200,CC300,11800.0,APPROVED,v2
959,FY2024,8,6210,CC100,2300.0,APPROVED,v2
960,FY2024,8,6220,CC210,850.0,APPROVED,v2
961,FY2024,8,6300,CC600,800.0,APPROVED,v2
962,FY2024,8,6310,CC600,2200.0,APPROVED,v2
963,FY2024,8,6320,CC100,800.0,APPROVED,v2
964,FY2024,8,6400,CC200,2900.0,APPROVED,v2
965,FY2024,8,6400,CC220,9350.0,APPROVED,v2
966,FY2024,8,6600,CC100,18150.0,APPROVED,v2
967,FY2024,8,6900,CC220,-3200.0,APPROVED,v2
968,FY2024,9,4000,CC200,260150.0,APPROVED,v2
969,FY2024,9,4000,CC210,107200.0,APPROVED,v2
970,FY2024,9,4010,CC220,141200.0,APPROVED,v2
971,FY2024,9,4020,CC200,91900.0,APPROVED,v2
972,FY2024,9,4020,CC210,23400.0,APPROVED,v2
973,FY2024,9,4020,CC220,3250.0,APPROVED,v2
974,FY2024,9,4030,CC200,31200.0,APPROVED,v2
975,FY2024,9,4030,CC210,15800.0,APPROVED,v2
976,FY2024,9,5000,CC300,69100.0,APPROVED,v2
977,FY2024,9,5000,CC400,88600.0,APPROVED,v2
978,FY2024,9,5010,CC300,5250.0,APPROVED,v2
979,FY2024,9,5020,CC400,3200.0,APPROVED,v2
980,FY2024,9,6000,CC100,15150.0,APPROVED,v2
981,FY2024,9,6000,CC200,41400.0,APPROVED,v2
982,FY2024,9,6000,CC210,34450.0,APPROVED,v2
983,FY2024,9,6000,CC220,18150.0,APPROVED,v2
984,FY2024,9,6000,CC300,45350.0,APPROVED,v2
985,FY2024,9,6000,CC400,51100.0,APPROVED,v2
986,FY2024,9,6000,CC500,17500.0,APPROVED,v2
987,FY2024,9,6000,CC600,20250.0,APPROVED,v2
988,FY2024,9,6010,CC100,1950.0,APPROVED,v2
989,FY2024,9,6010,CC200,5850.0,APPROVED,v2
990,FY2024,9,6010,CC210,5650.0,APPROVED,v2
991,FY2024,9,6010,CC220,2600.0,APPROVED,v2
992,FY2024,9,6010,CC300,6500.0,APPROVED,v2
993,FY2024,9,6010,CC400,7250.0,APPROVED,v2
994,FY2024,9,6010,CC500,3100.0,APPROVED,v2
995,FY2024,9,6010,CC600,2800.0,APPROVED,v2
996,FY2024,9,6020,CC100,550.0,APPROVED,v2
997,FY2024,9,6020,CC200,1600.0,APPROVED,v2
998,FY2024,9,6020,CC210,1600.0,APPROVED,v2
999,FY2024,9,6020,CC220,850.0,APPROVED,v2
1000,FY2024,9,6020,CC300,2000.0,APPROVED,v2
1001,FY2024,9,6020,CC400,1850.0,APPROVED,v2
1002,FY2024,9,6020,CC500,800.0,APPROVED,v2
1003,FY2024,9,6020,CC600,950.0,APPROVED,v2
1004,FY2024,9,6100,CC100,1950.0,APPROVED,v2
1005,FY2024,9,6110,CC100,5500.0,APPROVED,v2
1006,FY2024,9,6120,CC100,2150.0,APPROVED,v2
1007,FY2024,9,6120,CC400,950.0,APPROVED,v2
1008,FY2024,9,6140,CC300,1700.0,APPROVED,v2
1009,FY2024,9,6200,CC220,4100.0,APPROVED,v2
1010,FY2024,9,6210,CC210,1050.0,APPROVED,v2
1011,FY2024,9,6220,CC200,4100.0,APPROVED,v2
1012,FY2024,9,6310,CC600,4550.0,APPROVED,v2
1013,FY2024,9,6320,CC500,1250.0,APPROVED,v2
1014,FY2024,9,6400,CC210,2000.0,APPROVED,v2
1015,FY2024,9,6400,CC220,6450.0,APPROVED,v2
1016,FY2024,9,6520,CC500,650.0,APPROVED,v2
1017,FY2024,9,6600,CC100,18600.0,APPROVED,v2
1018,FY2024,9,6900,CC220,-2250.0,APPROVED,v2
1019,FY2024,10,4000,CC200,100600.0,APPROVED,v2
1020,FY2024,10,4000,CC210,61150.0,APPROVED,v2
1021,FY2024,10,4010,CC220,180000.0,APPROVED,v2
1022,FY2024,10,4020,CC210,10400.0,APPROVED,v2
1023,FY2024,10,4020,CC220,24350.0,APPROVED,v2
1024,FY2024,10,4030,CC200,27300.0,APPROVED,v2
1025,FY2024,10,5000,CC300,201250.0,APPROVED,v2
1026,FY2024,10,5000,CC400,49750.0,APPROVED,v2
1027,FY2024,10,5010,CC300,2700.0,APPROVED,v2
1028,FY2024,10,5020,CC400,5950.0,APPROVED,v2
1029,FY2024,10,6000,CC100,14700.0,APPROVED,v2
1030,FY2024,10,6000,CC200,45450.0,APPROVED,v2
1031,FY2024,10,6000,CC210,36350.0,APPROVED,v2
1032,FY2024,10,6000,CC220,20250.0,APPROVED,v2
1033,FY2024,10,6000,CC300,49950.0,APPROVED,v2
1034,FY2024,10,6000,CC400,45800.0,APPROVED,v2
1035,FY2024,10,6000,CC500,21750.0,APPROVED,v2
1036,FY2024,10,6000,CC600,20700.0,APPROVED,v2
1037,FY2024,10,6010,CC100,1750.0,APPROVED,v2
1038,FY2024,10,6010,CC200,6100.0,APPROVED,v2
1039,FY2024,10,6010,CC210,4900.0,APPROVED,v2
1040,FY2024,10,6010,CC220,2950.0,APPROVED,v2
1041,FY2024,10,6010,CC300,7700.0,APPROVED,v2
1042,FY2024,10,6010,CC400,6500.0,APPROVED,v2
1043,FY2024,10,6010,CC500,2950.0,APPROVED,v2
1044,FY2024,10,6010,CC600,3150.0,APPROVED,v2
1045,FY2024,10,6020,CC100,600.0,APPROVED,v2
1046,FY2024,10,6020,CC200,1700.0,APPROVED,v2
1047,FY2024,10,6020,CC210,1500.0,APPROVED,v2
1048,FY2024,10,6020,CC220,800.0,APPROVED,v2
1049,FY2024,10,6020,CC300,1900.0,APPROVED,v2
1050,FY2024,10,6020,CC400,1750.0,APPROVED,v2
1051,FY2024,10,6020,CC500,900.0,APPROVED,v2
1052,FY2024,10,6020,CC600,650.0,APPROVED,v2
1053,FY2024,10,6130,CC100,1150.0,APPROVED,v2
1054,FY2024,10,6140,CC300,6600.0,APPROVED,v2
1055,FY2024,10,6140,CC400,1500.0,APPROVED,v2
1056,FY2024,10,6200,CC210,1350.0,APPROVED,v2
1057,FY2024,10,6200,CC220,800.0,APPROVED,v2
1058,FY2024,10,6210,CC100,3350.0,APPROVED,v2
1059,FY2024,10,6320,CC500,600.0,APPROVED,v2
1060,FY2024,10,6400,CC200,600.0,APPROVED,v2
1061,FY2024,10,6400,CC210,2300.0,APPROVED,v2
1062,FY2024,10,6500,CC500,1650.0,APPROVED,v2
1063,FY2024,10,6510,CC500,1200.0,APPROVED,v2
1064,FY2024,10,6520,CC500,500.0,APPROVED,v2
1065,FY2024,10,6600,CC100,18550.0,APPROVED,v2
1066,FY2024,10,6900,CC220,-1150.0,APPROVED,v2
1067,FY2024,10,6900,CC400,550.0,APPROVED,v2
1068,FY2024,11,4000,CC200,202500.0,APPROVED,v2
1069,FY2024,11,4000,CC210,126200.0,APPROVED,v2
1070,FY2024,11,4010,CC220,145000.0,APPROVED,v2
1071,FY2024,11,4020,CC200,30300.0,APPROVED,v2
1072,FY2024,11,4020,CC210,3200.0,APPROVED,v2
1073,FY2024,11,4020,CC220,17800.0,APPROVED,v2
1074,FY2024,11,4030,CC200,28950.0,APPROVED,v2
1075,FY2024,11,4030,CC210,6600.0,APPROVED,v2
1076,FY2024,11,5000,CC300,125050.0,APPROVED,v2
1077,FY2024,11,5000,CC400,22950.0,APPROVED,v2
1078,FY2024,11,5010,CC300,1950.0,APPROVED,v2
1079,FY2024,11,5020,CC400,2100.0,APPROVED,v2
1080,FY2024,11,6000,CC100,14050.0,APPROVED,v2
1081,FY2024,11,6000,CC200,38150.0,APPROVED,v2
1082,FY2024,11,6000,CC210,36000.0,APPROVED,v2
1083,FY2024,11,6000,CC220,22950.0,APPROVED,v2
1084,FY2024,11,6000,CC300,57050.0,APPROVED,v2
1085,FY2024,11,6000,CC400,47300.0,APPROVED,v2
1086,FY2024,11,6000,CC500,26900.0,APPROVED,v2
1087,FY2024,11,6000,CC600,22050.0,APPROVED,v2
1088,FY2024,11,6010,CC100,1900.0,APPROVED,v2
1089,FY2024,11,6010,CC200,5850.0,APPROVED,v2
1090,FY2024,11,6010,CC210,5450.0,APPROVED,v2
1091,FY2024,11,6010,CC220,2850.0,APPROVED,v2
1092,FY2024,11,6010,CC300,6550.0,APPROVED,v2
1093,FY2024,11,6010,CC400,5850.0,APPROVED,v2
1094,FY2024,11,6010,CC500,3600.0,APPROVED,v2
1095,FY2024,11,6010,CC600,2650.0,APPROVED,v2
1096,FY2024,11,6020,CC100,550.0,APPROVED,v2
1097,FY2024,11,6020,CC200,1750.0,APPROVED,v2
1098,FY2024,11,6020,CC210,1550.0,APPROVED,v2
1099,FY2024,11,6020,CC220,800.0,APPROVED,v2
1100,FY2024,11,6020,CC300,1900.0,APPROVED,v2
1101,FY2024,11,6020,CC400,1850.0,APPROVED,v2
1102,FY2024,11,6020,CC500,1100.0,APPROVED,v2
1103,FY2024,11,6020,CC600,750.0,APPROVED,v2
1104,FY2024,11,6040,CC100,2650.0,APPROVED,v2
1105,FY2024,11,6100,CC100,800.0,APPROVED,v2
1106,FY2024,11,6110,CC100,1550.0,APPROVED,v2
1107,FY2024,11,6120,CC400,900.0,APPROVED,v2
1108,FY2024,11,6140,CC300,4650.0,APPROVED,v2
1109,FY2024,11,6210,CC100,2950.0,APPROVED,v2
1110,FY2024,11,6210,CC210,23750.0,APPROVED,v2
1111,FY2024,11,6300,CC600,6200.0,APPROVED,v2
1112,FY2024,11,6310,CC600,1000.0,APPROVED,v2
1113,FY2024,11,6400,CC220,5800.0,APPROVED,v2
1114,FY2024,11,6510,CC500,3600.0,APPROVED,v2
1115,FY2024,11,6600,CC100,19550.0,APPROVED,v2
1116,FY2024,11,6900,CC400,-550.0,APPROVED,v2
1117,FY2024,12,4000,CC200,136850.0,APPROVED,v2
1118,FY2024,12,4000,CC210,239550.0,APPROVED,v2
1119,FY2024,12,4010,CC220,245950.0,APPROVED,v2
1120,FY2024,12,4020,CC210,4100.0,APPROVED,v2
1121,FY2024,12,4020,CC220,21100.0,APPROVED,v2
1122,FY2024,12,4030,CC200,44500.0,APPROVED,v2
1123,FY2024,12,4030,CC210,46850.0,APPROVED,v2
1124,FY2024,12,5000,CC300,117250.0,APPROVED,v2
1125,FY2024,12,5000,CC400,54550.0,APPROVED,v2
1126,FY2024,12,5010,CC300,3850.0,APPROVED,v2
1127,FY2024,12,5020,CC400,2850.0,APPROVED,v2
1128,FY2024,12,6000,CC100,14400.0,APPROVED,v2
1129,FY2024,12,6000,CC200,40350.0,APPROVED,v2
1130,FY2024,12,6000,CC210,39950.0,APPROVED,v2
1131,FY2024,12,6000,CC220,19300.0,APPROVED,v2
1132,FY2024,12,6000,CC300,55350.0,APPROVED,v2
1133,FY2024,12,6000,CC400,51750.0,APPROVED,v2
1134,FY2024,12,6000,CC500,29850.0,APPROVED,v2
1135,FY2024,12,6000,CC600,23400.0,APPROVED,v2
1136,FY2024,12,6010,CC100,2050.0,APPROVED,v2
1137,FY2024,12,6010,CC200,5700.0,APPROVED,v2
1138,FY2024,12,6010,CC210,4900.0,APPROVED,v2
1139,FY2024,12,6010,CC220,2550.0,APPROVED,v2
1140,FY2024,12,6010,CC300,7650.0,APPROVED,v2
1141,FY2024,12,6010,CC400,6550.0,APPROVED,v2
1142,FY2024,12,6010,CC500,3550.0,APPROVED,v2
1143,FY2024,12,6010,CC600,2750.0,APPROVED,v2
1144,FY2024,12,6020,CC100,600.0,APPROVED,v2
1145,FY2024,12,6020,CC200,1650.0,APPROVED,v2
1146,FY2024,12,6020,CC210,1700.0,APPROVED,v2
1147,FY2024,12,6020,CC220,750.0,APPROVED,v2
1148,FY2024,12,6020,CC300,2100.0,APPROVED,v2
1149,FY2024,12,6020,CC400,1900.0,APPROVED,v2
1150,FY2024,12,6020,CC500,1050.0,APPROVED,v2
1151,FY2024,12,6020,CC600,850.0,APPROVED,v2
1152,FY2024,12,6040,CC100,5550.0,APPROVED,v2
1153,FY2024,12,6100,CC100,2650.0,APPROVED,v2
1154,FY2024,12,6140,CC400,3650.0,APPROVED,v2
1155,FY2024,12,6210,CC200,750.0,APPROVED,v2
1156,FY2024,12,6210,CC500,2000.0,APPROVED,v2
1157,FY2024,12,6220,CC210,2750.0,APPROVED,v2
1158,FY2024,12,6300,CC600,10450.0,APPROVED,v2
1159,FY2024,12,6310,CC600,4700.0,APPROVED,v2
1160,FY2024,12,6400,CC200,1300.0,APPROVED,v2
1161,FY2024,12,6400,CC210,700.0,APPROVED,v2
1162,FY2024,12,6400,CC220,850.0,APPROVED,v2
1163,FY2024,12,6500,CC500,72600.0,APPROVED,v2
1164,FY2024,12,6510,CC500,600.0,APPROVED,v2
1165,FY2024,12,6520,CC500,600.0,APPROVED,v2
1166,FY2024,12,6600,CC100,18450.0,APPROVED,v2
1167,FY2024,12,6900,CC220,-5100.0,APPROVED,v2
1168,FY2024,12,8000,CC500,216400.0,APPROVED,v2
1169,FY2025,1,4000,CC200,162700.0,APPROVED,v2
1170,FY2025,1,4000,CC210,43650.0,APPROVED,v2
1171,FY2025,1,4010,CC220,161750.0,APPROVED,v2
1172,FY2025,1,4020,CC200,11850.0,APPROVED,v2
1173,FY2025,1,4020,CC210,3950.0,APPROVED,v2
1174,FY2025,1,4020,CC220,73850.0,APPROVED,v2
1175,FY2025,1,4030,CC200,3100.0,APPROVED,v2
1176,FY2025,1,4030,CC210,30550.0,APPROVED,v2
1177,FY2025,1,5000,CC300,27050.0,APPROVED,v2
1178,FY2025,1,5000,CC400,49300.0,APPROVED,v2
1179,FY2025,1,5010,CC300,5500.0,APPROVED,v2
1180,FY2025,1,5020,CC400,3800.0,APPROVED,v2
1181,FY2025,1,6000,CC100,15100.0,APPROVED,v2
1182,FY2025,1,6000,CC200,35950.0,APPROVED,v2
1183,FY2025,1,6000,CC210,37450.0,APPROVED,v2
1184,FY2025,1,6000,CC220,19400.0,APPROVED,v2
1185,FY2025,1,6000,CC300,53250.0,APPROVED,v2
1186,FY2025,1,6000,CC400,46500.0,APPROVED,v2
1187,FY2025,1,6000,CC500,24100.0,APPROVED,v2
1188,FY2025,1,6000,CC600,21200.0,APPROVED,v2
1189,FY2025,1,6010,CC100,1950.0,APPROVED,v2
1190,FY2025,1,6010,CC200,5400.0,APPROVED,v2
1191,FY2025,1,6010,CC210,5050.0,APPROVED,v2
1192,FY2025,1,6010,CC220,3000.0,APPROVED,v2
1193,FY2025,1,6010,CC300,7800.0,APPROVED,v2
1194,FY2025,1,6010,CC400,6550.0,APPROVED,v2
1195,FY2025,1,6010,CC500,3500.0,APPROVED,v2
1196,FY2025,1,6010,CC600,2800.0,APPROVED,v2
1197,FY2025,1,6020,CC100,550.0,APPROVED,v2
1198,FY2025,1,6020,CC200,1800.0,APPROVED,v2
1199,FY2025,1,6020,CC210,1500.0,APPROVED,v2
1200,FY2025,1,6020,CC220,750.0,APPROVED,v2
1201,FY2025,1,6020,CC300,1750.0,APPROVED,v2
1202,FY2025,1,6020,CC400,1750.0,APPROVED,v2
1203,FY2025,1,6020,CC500,1050.0,APPROVED,v2
1204,FY2025,1,6020,CC600,800.0,APPROVED,v2
1205,FY2025,1,6110,CC100,1650.0,APPROVED,v2
1206,FY2025,1,6120,CC100,850.0,APPROVED,v2
1207,FY2025,1,6120,CC300,7100.0,APPROVED,v2
1208,FY2025,1,6120,CC400,1600.0,APPROVED,v2
1209,FY2025,1,6200,CC210,700.0,APPROVED,v2
1210,FY2025,1,6220,CC220,11750.0,APPROVED,v2
1211,FY2025,1,6300,CC600,9050.0,APPROVED,v2
1212,FY2025,1,6310,CC600,6850.0,APPROVED,v2
1213,FY2025,1,6500,CC500,2000.0,APPROVED,v2
1214,FY2025,1,6520,CC500,500.0,APPROVED,v2
1215,FY2025,1,6600,CC100,20300.0,APPROVED,v2
1216,FY2025,1,6900,CC220,-6450.0,APPROVED,v2
1217,FY2025,2,4000,CC200,81250.0,APPROVED,v2
1218,FY2025,2,4000,CC210,116550.0,APPROVED,v2
1219,FY2025,2,4010,CC220,392100.0,APPROVED,v2
1220,FY2025,2,4020,CC200,8150.0,APPROVED,v2
1221,FY2025,2,4020,CC210,53950.0,APPROVED,v2
1222,FY2025,2,4020,CC220,52600.0,APPROVED,v2
1223,FY2025,2,4030,CC200,51700.0,APPROVED,v2
1224,FY2025,2,4030,CC210,8150.0,APPROVED,v2
1225,FY2025,2,5000,CC300,93200.0,APPROVED,v2
1226,FY2025,2,5000,CC400,36450.0,APPROVED,v2
1227,FY2025,2,5010,CC300,5300.0,APPROVED,v2
1228,FY2025,2,5020,CC400,2500.0,APPROVED,v2
1229,FY2025,2,6000,CC100,14300.0,APPROVED,v2
1230,FY2025,2,6000,CC200,43950.0,APPROVED,v2
1231,FY2025,2,6000,CC210,41650.0,APPROVED,v2
1232,FY2025,2,6000,CC220,18400.0,APPROVED,v2
1233,FY2025,2,6000,CC300,52200.0,APPROVED,v2
1234,FY2025,2,6000,CC400,44650.0,APPROVED,v2
1235,FY2025,2,6000,CC500,28750.0,APPROVED,v2
1236,FY2025,2,6000,CC600,21250.0,APPROVED,v2
1237,FY2025,2,6010,CC100,2200.0,APPROVED,v2
1238,FY2025,2,6010,CC200,5700.0,APPROVED,v2
1239,FY2025,2,6010,CC210,4800.0,APPROVED,v2
1240,FY2025,2,6010,CC220,2650.0,APPROVED,v2
1241,FY2025,2,6010,CC300,7350.0,APPROVED,v2
1242,FY2025,2,6010,CC400,6100.0,APPROVED,v2
1243,FY2025,2,6010,CC500,3800.0,APPROVED,v2
1244,FY2025,2,6010,CC600,2750.0,APPROVED,v2
1245,FY2025,2,6020,CC100,600.0,APPROVED,v2
1246,FY2025,2,6020,CC200,1800.0,APPROVED,v2
1247,FY2025,2,6020,CC210,1500.0,APPROVED,v2
1248,FY2025,2,6020,CC220,800.0,APPROVED,v2
1249,FY2025,2,6020,CC300,2100.0,APPROVED,v2
1250,FY2025,2,6020,CC400,1900.0,APPROVED,v2
1251,FY2025,2,6020,CC500,1050.0,APPROVED,v2
1252,FY2025,2,6020,CC600,800.0,APPROVED,v2
1253,FY2025,2,6040,CC100,1750.0,APPROVED,v2
1254,FY2025,2,6100,CC100,2300.0,APPROVED,v2
1255,FY2025,2,6110,CC100,3500.0,APPROVED,v2
1256,FY2025,2,6120,CC100,2750.0,APPROVED,v2
1257,FY2025,2,6120,CC400,4750.0,APPROVED,v2
1258,FY2025,2,6130,CC100,2600.0,APPROVED,v2
1259,FY2025,2,6140,CC400,1200.0,APPROVED,v2
1260,FY2025,2,6200,CC210,1050.0,APPROVED,v2
1261,FY2025,2,6200,CC220,1400.0,APPROVED,v2
1262,FY2025,2,6200,CC300,4000.0,APPROVED,v2
1263,FY2025,2,6300,CC600,1050.0,APPROVED,v2
1264,FY2025,2,6400,CC200,6750.0,APPROVED,v2
1265,FY2025,2,6400,CC210,650.0,APPROVED,v2
1266,FY2025,2,6400,CC220,1650.0,APPROVED,v2
1267,FY2025,2,6500,CC500,600.0,APPROVED,v2
1268,FY2025,2,6600,CC100,17750.0,APPROVED,v2
1269,FY2025,2,6900,CC220,-2500.0,APPROVED,v2
1270,FY2025,2,6900,CC400,550.0,APPROVED,v2
1271,FY2025,3,4000,CC200,148600.0,APPROVED,v2
1272,FY2025,3,4000,CC210,90000.0,APPROVED,v2
1273,FY2025,3,4010,CC220,153200.0,APPROVED,v2
1274,FY2025,3,4020,CC200,62950.0,APPROVED,v2
1275,FY2025,3,4020,CC210,7900.0,APPROVED,v2
1276,FY2025,3,4020,CC220,64600.0,APPROVED,v2
1277,FY2025,3,4030,CC200,33100.0,APPROVED,v2
1278,FY2025,3,4030,CC210,10850.0,APPROVED,v2
1279,FY2025,3,5000,CC300,108850.0,APPROVED,v2
1280,FY2025,3,5000,CC400,84200.0,APPROVED,v2
1281,FY2025,3,5010,CC300,6750.0,APPROVED,v2
1282,FY2025,3,5020,CC400,1650.0,APPROVED,v2
1283,FY2025,3,6000,CC100,14600.0,APPROVED,v2
1284,FY2025,3,6000,CC200,43650.0,APPROVED,v2
1285,FY2025,3,6000,CC210,36550.0,APPROVED,v2
1286,FY2025,3,6000,CC220,21600.0,APPROVED,v2
1287,FY2025,3,6000,CC300,57850.0,APPROVED,v2
1288,FY2025,3,6000,CC400,44700.0,APPROVED,v2
1289,FY2025,3,6000,CC500,27250.0,APPROVED,v2
1290,FY2025,3,6000,CC600,22450.0,APPROVED,v2
1291,FY2025,3,6010,CC100,1950.0,APPROVED,v2
1292,FY2025,3,6010,CC200,5600.0,APPROVED,v2
1293,FY2025,3,6010,CC210,5250.0,APPROVED,v2
1294,FY2025,3,6010,CC220,2750.0,APPROVED,v2
1295,FY2025,3,6010,CC300,7800.0,APPROVED,v2
1296,FY2025,3,6010,CC400,5900.0,APPROVED,v2
1297,FY2025,3,6010,CC500,3650.0,APPROVED,v2
1298,FY2025,3,6010,CC600,2850.0,APPROVED,v2
1299,FY2025,3,6020,CC100,600.0,APPROVED,v2
1300,FY2025,3,6020,CC200,1650.0,APPROVED,v2
1301,FY2025,3,6020,CC210,1550.0,APPROVED,v2
1302,FY2025,3,6020,CC220,800.0,APPROVED,v2
1303,FY2025,3,6020,CC300,1950.0,APPROVED,v2
1304,FY2025,3,6020,CC400,1800.0,APPROVED,v2
1305,FY2025,3,6020,CC500,1050.0,APPROVED,v2
1306,FY2025,3,6020,CC600,850.0,APPROVED,v2
1307,FY2025,3,6040,CC100,4400.0,APPROVED,v2
1308,FY2025,3,6100,CC100,2400.0,APPROVED,v2
1309,FY2025,3,6120,CC300,550.0,APPROVED,v2
1310,FY2025,3,6140,CC300,6700.0,APPROVED,v2
1311,FY2025,3,6200,CC300,1050.0,APPROVED,v2
1312,FY2025,3,6220,CC220,2450.0,APPROVED,v2
1313,FY2025,3,6310,CC600,5550.0,APPROVED,v2
1314,FY2025,3,6320,CC100,4200.0,APPROVED,v2
1315,FY2025,3,6400,CC220,1350.0,APPROVED,v2
1316,FY2025,3,6500,CC500,15500.0,APPROVED,v2
1317,FY2025,3,6600,CC100,19300.0,APPROVED,v2
1318,FY2025,3,6900,CC220,-1900.0,APPROVED,v2
1319,FY2025,4,4000,CC200,95450.0,APPROVED,v2
1320,FY2025,4,4000,CC210,121100.0,APPROVED,v2
1321,FY2025,4,4010,CC220,184950.0,APPROVED,v2
1322,FY2025,4,4020,CC200,26150.0,APPROVED,v2
1323,FY2025,4,4020,CC220,2950.0,APPROVED,v2
1324,FY2025,4,4030,CC200,12200.0,APPROVED,v2
1325,FY2025,4,4030,CC210,63750.0,APPROVED,v2
1326,FY2025,4,5000,CC300,54300.0,APPROVED,v2
1327,FY2025,4,5000,CC400,60300.0,APPROVED,v2
1328,FY2025,4,5010,CC300,4200.0,APPROVED,v2
1329,FY2025,4,5020,CC400,5450.0,APPROVED,v2
1330,FY2025,4,6000,CC100,13900.0,APPROVED,v2
1331,FY2025,4,6000,CC200,38200.0,APPROVED,v2
1332,FY2025,4,6000,CC210,40150.0,APPROVED,v2
1333,FY2025,4,6000,CC220,20450.0,APPROVED,v2
1334,FY2025,4,6000,CC300,53750.0,APPROVED,v2
1335,FY2025,4,6000,CC400,46700.0,APPROVED,v2
1336,FY2025,4,6000,CC500,27950.0,APPROVED,v2
1337,FY2025,4,6000,CC600,21600.0,APPROVED,v2
1338,FY2025,4,6010,CC100,1900.0,APPROVED,v2
1339,FY2025,4,6010,CC200,5850.0,APPROVED,v2
1340,FY2025,4,6010,CC210,5550.0,APPROVED,v2
1341,FY2025,4,6010,CC220,2600.0,APPROVED,v2
1342,FY2025,4,6010,CC300,6750.0,APPROVED,v2
1343,FY2025,4,6010,CC400,6650.0,APPROVED,v2
1344,FY2025,4,6010,CC500,3750.0,APPROVED,v2
1345,FY2025,4,6010,CC600,3050.0,APPROVED,v2
1346,FY2025,4,6020,CC100,550.0,APPROVED,v2
1347,FY2025,4,6020,CC200,1600.0,APPROVED,v2
1348,FY2025,4,6020,CC210,1650.0,APPROVED,v2
1349,FY2025,4,6020,CC220,900.0,APPROVED,v2
1350,FY2025,4,6020,CC300,2050.0,APPROVED,v2
1351,FY2025,4,6020,CC400,1700.0,APPROVED,v2
1352,FY2025,4,6020,CC500,1000.0,APPROVED,v2
1353,FY2025,4,6020,CC600,800.0,APPROVED,v2
1354,FY2025,4,6040,CC100,5700.0,APPROVED,v2
1355,FY2025,4,6100,CC100,2650.0,APPROVED,v2
1356,FY2025,4,6110,CC100,1300.0,APPROVED,v2
1357,FY2025,4,6120,CC100,1800.0,APPROVED,v2
1358,FY2025,4,6120,CC300,4550.0,APPROVED,v2
1359,FY2025,4,6120,CC400,3450.0,APPROVED,v2
1360,FY2025,4,6130,CC100,6300.0,APPROVED,v2
1361,FY2025,4,6210,CC100,800.0,APPROVED,v2
1362,FY2025,4,6210,CC210,3050.0,APPROVED,v2
1363,FY2025,4,6300,CC600,1050.0,APPROVED,v2
1364,FY2025,4,6310,CC600,2150.0,APPROVED,v2
1365,FY2025,4,6320,CC100,1850.0,APPROVED,v2
1366,FY2025,4,6320,CC500,2050.0,APPROVED,v2
1367,FY2025,4,6600,CC100,19200.0,APPROVED,v2
1368,FY2025,4,6900,CC220,1550.0,APPROVED,v2
1369,FY2025,5,4000,CC200,109500.0,APPROVED,v2
1370,FY2025,5,4000,CC210,30000.0,APPROVED,v2
1371,FY2025,5,4010,CC220,128150.0,APPROVED,v2
1372,FY2025,5,4020,CC200,45550.0,APPROVED,v2
1373,FY2025,5,4020,CC220,28550.0,APPROVED,v2
1374,FY2025,5,4030,CC200,41650.0,APPROVED,v2
1375,FY2025,5,5000,CC300,174750.0,APPROVED,v2
1376,FY2025,5,5000,CC400,192500.0,APPROVED,v2
1377,FY2025,5,5010,CC300,6550.0,APPROVED,v2
1378,FY2025,5,5020,CC400,9500.0,APPROVED,v2
1379,FY2025,5,6000,CC100,13950.0,APPROVED,v2
1380,FY2025,5,6000,CC200,37850.0,APPROVED,v2
1381,FY2025,5,6000,CC210,40900.0,APPROVED,v2
1382,FY2025,5,6000,CC220,19350.0,APPROVED,v2
1383,FY2025,5,6000,CC300,48150.0,APPROVED,v2
1384,FY2025,5,6000,CC400,45200.0,APPROVED,v2
1385,FY2025,5,6000,CC500,25200.0,APPROVED,v2
1386,FY2025,5,6000,CC600,21800.0,APPROVED,v2
1387,FY2025,5,6010,CC100,2000.0,APPROVED,v2
1388,FY2025,5,6010,CC200,5950.0,APPROVED,v2
1389,FY2025,5,6010,CC210,5200.0,APPROVED,v2
1390,FY2025,5,6010,CC220,3050.0,APPROVED,v2
1391,FY2025,5,6010,CC300,7800.0,APPROVED,v2
1392,FY2025,5,6010,CC400,7150.0,APPROVED,v2
1393,FY2025,5,6010,CC500,3150.0,APPROVED,v2
1394,FY2025,5,6010,CC600,3100.0,APPROVED,v2
1395,FY2025,5,6020,CC100,500.0,APPROVED,v2
1396,FY2025,5,6020,CC200,1550.0,APPROVED,v2
1397,FY2025,5,6020,CC210,1800.0,APPROVED,v2
1398,FY2025,5,6020,CC220,800.0,APPROVED,v2
1399,FY2025,5,6020,CC300,2200.0,APPROVED,v2
1400,FY2025,5,6020,CC400,1950.0,APPROVED,v2
1401,FY2025,5,6020,CC500,900.0,APPROVED,v2
1402,FY2025,5,6020,CC600,900.0,APPROVED,v2
1403,FY2025,5,6210,CC100,4150.0,APPROVED,v2
1404,FY2025,5,6210,CC220,700.0,APPROVED,v2
1405,FY2025,5,6300,CC600,3450.0,APPROVED,v2
1406,FY2025,5,6310,CC600,8100.0,APPROVED,v2
1407,FY2025,5,6320,CC100,1400.0,APPROVED,v2
1408,FY2025,5,6320,CC500,2500.0,APPROVED,v2
1409,FY2025,5,6400,CC200,1350.0,APPROVED,v2
1410,FY2025,5,6400,CC220,5900.0,APPROVED,v2
1411,FY2025,5,6500,CC500,950.0,APPROVED,v2
1412,FY2025,5,6600,CC100,19950.0,APPROVED,v2
1413,FY2025,5,6900,CC220,2800.0,APPROVED,v2
1414,FY2025,5,6900,CC300,-700.0,APPROVED,v2
1415,FY2025,6,4000,CC200,244600.0,APPROVED,v2
1416,FY2025,6,4000,CC210,60050.0,APPROVED,v2
1417,FY2025,6,4010,CC220,200750.0,APPROVED,v2
1418,FY2025,6,4020,CC200,35650.0,APPROVED,v2
1419,FY2025,6,4020,CC210,10550.0,APPROVED,v2
1420,FY2025,6,4020,CC220,71600.0,APPROVED,v2
1421,FY2025,6,4030,CC200,11900.0,APPROVED,v2
1422,FY2025,6,4030,CC210,13950.0,APPROVED,v2
1423,FY2025,6,5000,CC300,160850.0,APPROVED,v2
1424,FY2025,6,5000,CC400,50800.0,APPROVED,v2
1425,FY2025,6,5010,CC300,10850.0,APPROVED,v2
1426,FY2025,6,5020,CC400,12300.0,APPROVED,v2
1427,FY2025,6,6000,CC100,14850.0,APPROVED,v2
1428,FY2025,6,6000,CC200,39550.0,APPROVED,v2
1429,FY2025,6,6000,CC210,41800.0,APPROVED,v2
1430,FY2025,6,6000,CC220,19150.0,APPROVED,v2
1431,FY2025,6,6000,CC300,49500.0,APPROVED,v2
1432,FY2025,6,6000,CC400,51000.0,APPROVED,v2
1433,FY2025,6,6000,CC500,24300.0,APPROVED,v2
1434,FY2025,6,6000,CC600,21700.0,APPROVED,v2
1435,FY2025,6,6010,CC100,1800.0,APPROVED,v2
1436,FY2025,6,6010,CC200,5450.0,APPROVED,v2
1437,FY2025,6,6010,CC210,6500.0,APPROVED,v2
1438,FY2025,6,6010,CC220,2750.0,APPROVED,v2
1439,FY2025,6,6010,CC300,7600.0,APPROVED,v2
1440,FY2025,6,6010,CC400,6750.0,APPROVED,v2
1441,FY2025,6,6010,CC500,3150.0,APPROVED,v2
1442,FY2025,6,6010,CC600,3200.0,APPROVED,v2
1443,FY2025,6,6020,CC100,600.0,APPROVED,v2
1444,FY2025,6,6020,CC200,1750.0,APPROVED,v2
1445,FY2025,6,6020,CC210,1550.0,APPROVED,v2
1446,FY2025,6,6020,CC220,800.0,APPROVED,v2
1447,FY2025,6,6020,CC300,2000.0,APPROVED,v2
1448,FY2025,6,6020,CC400,1950.0,APPROVED,v2
1449,FY2025,6,6020,CC500,1050.0,APPROVED,v2
1450,FY2025,6,6020,CC600,800.0,APPROVED,v2
1451,FY2025,6,6040,CC100,6700.0,APPROVED,v2
1452,FY2025,6,6100,CC100,1200.0,APPROVED,v2
1453,FY2025,6,6110,CC100,7750.0,APPROVED,v2
1454,FY2025,6,6120,CC100,1200.0,APPROVED,v2
1455,FY2025,6,6140,CC300,3500.0,APPROVED,v2
1456,FY2025,6,6210,CC200,12950.0,APPROVED,v2
1457,FY2025,6,6220,CC220,3550.0,APPROVED,v2
1458,FY2025,6,6300,CC600,3000.0,APPROVED,v2
1459,FY2025,6,6310,CC600,850.0,APPROVED,v2
1460,FY2025,6,6320,CC100,1200.0,APPROVED,v2
1461,FY2025,6,6320,CC500,2200.0,APPROVED,v2
1462,FY2025,6,6400,CC220,4700.0,APPROVED,v2
1463,FY2025,6,6500,CC500,1300.0,APPROVED,v2
1464,FY2025,6,6510,CC500,3650.0,APPROVED,v2
1465,FY2025,6,6600,CC100,20950.0,APPROVED,v2
1466,FY2025,6,6900,CC220,6000.0,APPROVED,v2
1467,FY2025,6,6900,CC300,-800.0,APPROVED,v2
1468,FY2025,6,6900,CC400,-2600.0,APPROVED,v2
1469,FY2025,7,4000,CC200,209000.0,APPROVED,v2
1470,FY2025,7,4000,CC210,33500.0,APPROVED,v2
1471,FY2025,7,4010,CC220,353850.0,APPROVED,v2
1472,FY2025,7,4020,CC210,8200.0,APPROVED,v2
1473,FY2025,7,4020,CC220,14850.0,APPROVED,v2
1474,FY2025,7,4030,CC200,17250.0,APPROVED,v2
1475,FY2025,7,4030,CC210,81850.0,APPROVED,v2
1476,FY2025,7,5000,CC300,53150.0,APPROVED,v2
1477,FY2025,7,5000,CC400,103700.0,APPROVED,v2
1478,FY2025,7,5010,CC300,22150.0,APPROVED,v2
1479,FY2025,7,5020,CC400,12400.0,APPROVED,v2
1480,FY2025,7,6000,CC100,16400.0,APPROVED,v2
1481,FY2025,7,6000,CC200,43200.0,APPROVED,v2
1482,FY2025,7,6000,CC210,37900.0,APPROVED,v2
1483,FY2025,7,6000,CC220,21750.0,APPROVED,v2
1484,FY2025,7,6000,CC300,48550.0,APPROVED,v2
1485,FY2025,7,6000,CC400,49450.0,APPROVED,v2
1486,FY2025,7,6000,CC500,26250.0,APPROVED,v2
1487,FY2025,7,6000,CC600,19950.0,APPROVED,v2
1488,FY2025,7,6010,CC100,2450.0,APPROVED,v2
1489,FY2025,7,6010,CC200,6350.0,APPROVED,v2
1490,FY2025,7,6010,CC210,5300.0,APPROVED,v2
1491,FY2025,7,6010,CC220,2600.0,APPROVED,v2
1492,FY2025,7,6010,CC300,6750.0,APPROVED,v2
1493,FY2025,7,6010,CC400,6400.0,APPROVED,v2
1494,FY2025,7,6010,CC500,3650.0,APPROVED,v2
1495,FY2025,7,6010,CC600,2750.0,APPROVED,v2
1496,FY2025,7,6020,CC100,650.0,APPROVED,v2
1497,FY2025,7,6020,CC200,1500.0,APPROVED,v2
1498,FY2025,7,6020,CC210,1600.0,APPROVED,v2
1499,FY2025,7,6020,CC220,850.0,APPROVED,v2
1500,FY2025,7,6020,CC300,2100.0,APPROVED,v2
1501,FY2025,7,6020,CC400,2050.0,APPROVED,v2
1502,FY2025,7,6020,CC500,1050.0,APPROVED,v2
1503,FY2025,7,6020,CC600,800.0,APPROVED,v2
1504,FY2025,7,6040,CC100,550.0,APPROVED,v2
1505,FY2025,7,6120,CC100,2000.0,APPROVED,v2
1506,FY2025,7,6120,CC300,2250.0,APPROVED,v2
1507,FY2025,7,6120,CC400,1550.0,APPROVED,v2
1508,FY2025,7,6130,CC100,3050.0,APPROVED,v2
1509,FY2025,7,6140,CC400,1050.0,APPROVED,v2
1510,FY2025,7,6200,CC300,950.0,APPROVED,v2
1511,FY2025,7,6220,CC220,2000.0,APPROVED,v2
1512,FY2025,7,6300,CC600,6950.0,APPROVED,v2
1513,FY2025,7,6310,CC600,5150.0,APPROVED,v2
1514,FY2025,7,6400,CC200,4600.0,APPROVED,v2
1515,FY2025,7,6400,CC220,3750.0,APPROVED,v2
1516,FY2025,7,6510,CC500,4050.0,APPROVED,v2
1517,FY2025,7,6520,CC500,500.0,APPROVED,v2
1518,FY2025,7,6600,CC100,19750.0,APPROVED,v2
1519,FY2025,7,6900,CC220,5950.0,APPROVED,v2
1520,FY2025,7,6900,CC300,-2400.0,APPROVED,v2
1521,FY2025,8,4000,CC200,117100.0,APPROVED,v2
1522,FY2025,8,4000,CC210,112600.0,APPROVED,v2
1523,FY2025,8,4010,CC220,184000.0,APPROVED,v2
1524,FY2025,8,4020,CC200,18800.0,APPROVED,v2
1525,FY2025,8,4020,CC220,13650.0,APPROVED,v2
1526,FY2025,8,4030,CC200,111250.0,APPROVED,v2
1527,FY2025,8,5000,CC300,47350.0,APPROVED,v2
1528,FY2025,8,5000,CC400,137150.0,APPROVED,v2
1529,FY2025,8,5010,CC300,32550.0,APPROVED,v2
1530,FY2025,8,5020,CC400,4800.0,APPROVED,v2
1531,FY2025,8,6000,CC100,20550.0,APPROVED,v2
1532,FY2025,8,6000,CC200,37150.0,APPROVED,v2
1533,FY2025,8,6000,CC210,42700.0,APPROVED,v2
1534,FY2025,8,6000,CC220,19400.0,APPROVED,v2
1535,FY2025,8,6000,CC300,50900.0,APPROVED,v2
1536,FY2025,8,6000,CC400,47250.0,APPROVED,v2
1537,FY2025,8,6000,CC500,29650.0,APPROVED,v2
1538,FY2025,8,6000,CC600,20700.0,APPROVED,v2
1539,FY2025,8,6010,CC100,2550.0,APPROVED,v2
1540,FY2025,8,6010,CC200,5750.0,APPROVED,v2
1541,FY2025,8,6010,CC210,5700.0,APPROVED,v2
1542,FY2025,8,6010,CC220,2950.0,APPROVED,v2
1543,FY2025,8,6010,CC300,7600.0,APPROVED,v2
1544,FY2025,8,6010,CC400,7400.0,APPROVED,v2
1545,FY2025,8,6010,CC500,3900.0,APPROVED,v2
1546,FY2025,8,6010,CC600,3000.0,APPROVED,v2
1547,FY2025,8,6020,CC100,750.0,APPROVED,v2
1548,FY2025,8,6020,CC200,1700.0,APPROVED,v2
1549,FY2025,8,6020,CC210,1750.0,APPROVED,v2
1550,FY2025,8,6020,CC220,700.0,APPROVED,v2
1551,FY2025,8,6020,CC300,2150.0,APPROVED,v2
1552,FY2025,8,6020,CC400,1900.0,APPROVED,v2
1553,FY2025,8,6020,CC500,1050.0,APPROVED,v2
1554,FY2025,8,6020,CC600,850.0,APPROVED,v2
1555,FY2025,8,6040,CC100,1150.0,APPROVED,v2
1556,FY2025,8,6100,CC100,1150.0,APPROVED,v2
1557,FY2025,8,6120,CC300,2800.0,APPROVED,v2
1558,FY2025,8,6120,CC400,650.0,APPROVED,v2
1559,FY2025,8,6130,CC100,900.0,APPROVED,v2
1560,FY2025,8,6140,CC300,2650.0,APPROVED,v2
1561,FY2025,8,6200,CC210,3000.0,APPROVED,v2
1562,FY2025,8,6200,CC300,4650.0,APPROVED,v2
1563,FY2025,8,6210,CC210,4750.0,APPROVED,v2
1564,FY2025,8,6210,CC500,2700.0,APPROVED,v2
1565,FY2025,8,6220,CC200,1200.0,APPROVED,v2
1566,FY2025,8,6310,CC600,3650.0,APPROVED,v2
1567,FY2025,8,6510,CC500,1950.0,APPROVED,v2
1568,FY2025,8,6600,CC100,20000.0,APPROVED,v2
1569,FY2025,8,6900,CC220,8150.0,APPROVED,v2
1570,FY2025,9,4000,CC200,240200.0,APPROVED,v2
1571,FY2025,9,4000,CC210,23400.0,APPROVED,v2
1572,FY2025,9,4010,CC220,140700.0,APPROVED,v2
1573,FY2025,9,4020,CC200,41200.0,APPROVED,v2
1574,FY2025,9,4020,CC210,17900.0,APPROVED,v2
1575,FY2025,9,4020,CC220,135150.0,APPROVED,v2
1576,FY2025,9,4030,CC200,26150.0,APPROVED,v2
1577,FY2025,9,4030,CC210,52350.0,APPROVED,v2
1578,FY2025,9,5000,CC300,101450.0,APPROVED,v2
1579,FY2025,9,5000,CC400,52650.0,APPROVED,v2
1580,FY2025,9,5010,CC300,3850.0,APPROVED,v2
1581,FY2025,9,5020,CC400,13700.0,APPROVED,v2
1582,FY2025,9,6000,CC100,18450.0,APPROVED,v2
1583,FY2025,9,6000,CC200,40850.0,APPROVED,v2
1584,FY2025,9,6000,CC210,45350.0,APPROVED,v2
1585,FY2025,9,6000,CC220,21300.0,APPROVED,v2
1586,FY2025,9,6000,CC300,50700.0,APPROVED,v2
1587,FY2025,9,6000,CC400,49700.0,APPROVED,v2
1588,FY2025,9,6000,CC500,24850.0,APPROVED,v2
1589,FY2025,9,6000,CC600,21000.0,APPROVED,v2
1590,FY2025,9,6010,CC100,2600.0,APPROVED,v2
1591,FY2025,9,6010,CC200,6100.0,APPROVED,v2
1592,FY2025,9,6010,CC210,6050.0,APPROVED,v2
1593,FY2025,9,6010,CC220,2500.0,APPROVED,v2
1594,FY2025,9,6010,CC300,7050.0,APPROVED,v2
1595,FY2025,9,6010,CC400,7100.0,APPROVED,v2
1596,FY2025,9,6010,CC500,4000.0,APPROVED,v2
1597,FY2025,9,6010,CC600,2700.0,APPROVED,v2
1598,FY2025,9,6020,CC100,700.0,APPROVED,v2
1599,FY2025,9,6020,CC200,1550.0,APPROVED,v2
1600,FY2025,9,6020,CC210,1650.0,APPROVED,v2
1601,FY2025,9,6020,CC220,800.0,APPROVED,v2
1602,FY2025,9,6020,CC300,2200.0,APPROVED,v2
1603,FY2025,9,6020,CC400,1700.0,APPROVED,v2
1604,FY2025,9,6020,CC500,1100.0,APPROVED,v2
1605,FY2025,9,6020,CC600,800.0,APPROVED,v2
1606,FY2025,9,6040,CC100,9500.0,APPROVED,v2
1607,FY2025,9,6110,CC100,3350.0,APPROVED,v2
1608,FY2025,9,6130,CC100,1650.0,APPROVED,v2
1609,FY2025,9,6210,CC200,14050.0,APPROVED,v2
1610,FY2025,9,6210,CC210,1500.0,APPROVED,v2
1611,FY2025,9,6210,CC220,2700.0,APPROVED,v2
1612,FY2025,9,6220,CC200,1450.0,APPROVED,v2
1613,FY2025,9,6220,CC210,2150.0,APPROVED,v2
1614,FY2025,9,6300,CC600,1000.0,APPROVED,v2
1615,FY2025,9,6310,CC600,550.0,APPROVED,v2
1616,FY2025,9,6400,CC210,3000.0,APPROVED,v2
1617,FY2025,9,6510,CC500,8500.0,APPROVED,v2
1618,FY2025,9,6600,CC100,20000.0,APPROVED,v2
1619,FY2025,9,6900,CC220,1450.0,APPROVED,v2
1620,FY2025,10,4000,CC200,203850.0,APPROVED,v2
1621,FY2025,10,4000,CC210,34750.0,APPROVED,v2
1622,FY2025,10,4010,CC220,154800.0,APPROVED,v2
1623,FY2025,10,4020,CC210,16650.0,APPROVED,v2
1624,FY2025,10,4020,CC220,37550.0,APPROVED,v2
1625,FY2025,10,4030,CC200,45800.0,APPROVED,v2
1626,FY2025,10,4030,CC210,61700.0,APPROVED,v2
1627,FY2025,10,5000,CC300,81900.0,APPROVED,v2
1628,FY2025,10,5000,CC400,132050.0,APPROVED,v2
1629,FY2025,10,5010,CC300,8750.0,APPROVED,v2
1630,FY2025,10,5020,CC400,8450.0,APPROVED,v2
1631,FY2025,10,6000,CC100,17450.0,APPROVED,v2
1632,FY2025,10,6000,CC200,42900.0,APPROVED,v2
1633,FY2025,10,6000,CC210,46150.0,APPROVED,v2
1634,FY2025,10,6000,CC220,19450.0,APPROVED,v2
1635,FY2025,10,6000,CC300,59900.0,APPROVED,v2
1636,FY2025,10,6000,CC400,45000.0,APPROVED,v2
1637,FY2025,10,6000,CC500,28800.0,APPROVED,v2
1638,FY2025,10,6000,CC600,20200.0,APPROVED,v2
1639,FY2025,10,6010,CC100,2500.0,APPROVED,v2
1640,FY2025,10,6010,CC200,5400.0,APPROVED,v2
1641,FY2025,10,6010,CC210,5950.0,APPROVED,v2
1642,FY2025,10,6010,CC220,3050.0,APPROVED,v2
1643,FY2025,10,6010,CC300,7450.0,APPROVED,v2
1644,FY2025,10,6010,CC400,7350.0,APPROVED,v2
1645,FY2025,10,6010,CC500,4050.0,APPROVED,v2
1646,FY2025,10,6010,CC600,2750.0,APPROVED,v2
1647,FY2025,10,6020,CC100,750.0,APPROVED,v2
1648,FY2025,10,6020,CC200,1650.0,APPROVED,v2
1649,FY2025,10,6020,CC210,1700.0,APPROVED,v2
1650,FY2025,10,6020,CC220,850.0,APPROVED,v2
1651,FY2025,10,6020,CC300,2250.0,APPROVED,v2
1652,FY2025,10,6020,CC400,2050.0,APPROVED,v2
1653,FY2025,10,6020,CC500,1150.0,APPROVED,v2
1654,FY2025,10,6020,CC600,850.0,APPROVED,v2
1655,FY2025,10,6040,CC100,1050.0,APPROVED,v2
1656,FY2025,10,6100,CC100,4350.0,APPROVED,v2
1657,FY2025,10,6120,CC300,1500.0,APPROVED,v2
1658,FY2025,10,6120,CC400,3250.0,APPROVED,v2
1659,FY2025,10,6130,CC100,6050.0,APPROVED,v2
1660,FY2025,10,6210,CC100,2500.0,APPROVED,v2
1661,FY2025,10,6210,CC500,4300.0,APPROVED,v2
1662,FY2025,10,6300,CC600,500.0,APPROVED,v2
1663,FY2025,10,6310,CC600,1050.0,APPROVED,v2
1664,FY2025,10,6520,CC500,600.0,APPROVED,v2
1665,FY2025,10,6600,CC100,20100.0,APPROVED,v2
1666,FY2025,10,6900,CC220,-2850.0,APPROVED,v2
1667,FY2025,11,4000,CC200,258100.0,APPROVED,v2
1668,FY2025,11,4000,CC210,86350.0,APPROVED,v2
1669,FY2025,11,4010,CC220,139600.0,APPROVED,v2
1670,FY2025,11,4020,CC200,34050.0,APPROVED,v2
1671,FY2025,11,4020,CC210,12300.0,APPROVED,v2
1672,FY2025,11,4020,CC220,116600.0,APPROVED,v2
1673,FY2025,11,4030,CC200,54600.0,APPROVED,v2
1674,FY2025,11,5000,CC300,94900.0,APPROVED,v2
1675,FY2025,11,5000,CC400,58400.0,APPROVED,v2
1676,FY2025,11,5020,CC400,9700.0,APPROVED,v2
1677,FY2025,11,6000,CC100,17450.0,APPROVED,v2
1678,FY2025,11,6000,CC200,42300.0,APPROVED,v2
1679,FY2025,11,6000,CC210,43150.0,APPROVED,v2
1680,FY2025,11,6000,CC220,19450.0,APPROVED,v2
1681,FY2025,11,6000,CC300,52150.0,APPROVED,v2
1682,FY2025,11,6000,CC400,53350.0,APPROVED,v2
1683,FY2025,11,6000,CC500,28950.0,APPROVED,v2
1684,FY2025,11,6000,CC600,20750.0,APPROVED,v2
1685,FY2025,11,6010,CC100,2650.0,APPROVED,v2
1686,FY2025,11,6010,CC200,5450.0,APPROVED,v2
1687,FY2025,11,6010,CC210,5950.0,APPROVED,v2
1688,FY2025,11,6010,CC220,2450.0,APPROVED,v2
1689,FY2025,11,6010,CC300,7900.0,APPROVED,v2
1690,FY2025,11,6010,CC400,6750.0,APPROVED,v2
1691,FY2025,11,6010,CC500,3350.0,APPROVED,v2
1692,FY2025,11,6010,CC600,2850.0,APPROVED,v2
1693,FY2025,11,6020,CC100,750.0,APPROVED,v2
1694,FY2025,11,6020,CC200,1600.0,APPROVED,v2
1695,FY2025,11,6020,CC210,1650.0,APPROVED,v2
1696,FY2025,11,6020,CC220,800.0,APPROVED,v2
1697,FY2025,11,6020,CC300,2200.0,APPROVED,v2
1698,FY2025,11,6020,CC400,2000.0,APPROVED,v2
1699,FY2025,11,6020,CC500,1100.0,APPROVED,v2
1700,FY2025,11,6020,CC600,800.0,APPROVED,v2
1701,FY2025,11,6040,CC100,7900.0,APPROVED,v2
1702,FY2025,11,6100,CC100,10400.0,APPROVED,v2
1703,FY2025,11,6110,CC100,11200.0,APPROVED,v2
1704,FY2025,11,6130,CC100,6500.0,APPROVED,v2
1705,FY2025,11,6200,CC210,4150.0,APPROVED,v2
1706,FY2025,11,6210,CC100,2800.0,APPROVED,v2
1707,FY2025,11,6210,CC220,2650.0,APPROVED,v2
1708,FY2025,11,6220,CC200,1600.0,APPROVED,v2
1709,FY2025,11,6220,CC210,4100.0,APPROVED,v2
1710,FY2025,11,6310,CC600,5500.0,APPROVED,v2
1711,FY2025,11,6320,CC100,650.0,APPROVED,v2
1712,FY2025,11,6500,CC500,1450.0,APPROVED,v2
1713,FY2025,11,6520,CC500,600.0,APPROVED,v2
1714,FY2025,11,6600,CC100,21650.0,APPROVED,v2
1715,FY2025,11,6900,CC220,-3650.0,APPROVED,v2
1716,FY2025,11,6900,CC300,950.0,APPROVED,v2
1717,FY2025,11,6900,CC400,1400.0,APPROVED,v2
1718,FY2025,12,4000,CC200,279050.0,APPROVED,v2
1719,FY2025,12,4000,CC210,160750.0,APPROVED,v2
1720,FY2025,12,4010,CC220,146900.0,APPROVED,v2
1721,FY2025,12,4020,CC200,16200.0,APPROVED,v2
1722,FY2025,12,4020,CC210,6700.0,APPROVED,v2
1723,FY2025,12,4020,CC220,40400.0,APPROVED,v2
1724,FY2025,12,4030,CC200,55650.0,APPROVED,v2
1725,FY2025,12,4030,CC210,6950.0,APPROVED,v2
1726,FY2025,12,5000,CC300,68250.0,APPROVED,v2
1727,FY2025,12,5000,CC400,135050.0,APPROVED,v2
1728,FY2025,12,5010,CC300,7100.0,APPROVED,v2
1729,FY2025,12,5020,CC400,7500.0,APPROVED,v2
1730,FY2025,12,6000,CC100,18050.0,APPROVED,v2
1731,FY2025,12,6000,CC200,45300.0,APPROVED,v2
1732,FY2025,12,6000,CC210,44400.0,APPROVED,v2
1733,FY2025,12,6000,CC220,22100.0,APPROVED,v2
1734,FY2025,12,6000,CC300,54300.0,APPROVED,v2
1735,FY2025,12,6000,CC400,53200.0,APPROVED,v2
1736,FY2025,12,6000,CC500,27500.0,APPROVED,v2
1737,FY2025,12,6000,CC600,22800.0,APPROVED,v2
1738,FY2025,12,6010,CC100,2350.0,APPROVED,v2
1739,FY2025,12,6010,CC200,5950.0,APPROVED,v2
1740,FY2025,12,6010,CC210,6150.0,APPROVED,v2
1741,FY2025,12,6010,CC220,2600.0,APPROVED,v2
1742,FY2025,12,6010,CC300,6950.0,APPROVED,v2
1743,FY2025,12,6010,CC400,6650.0,APPROVED,v2
1744,FY2025,12,6010,CC500,3900.0,APPROVED,v2
1745,FY2025,12,6010,CC600,2800.0,APPROVED,v2
1746,FY2025,12,6020,CC100,650.0,APPROVED,v2
1747,FY2025,12,6020,CC200,1550.0,APPROVED,v2
1748,FY2025,12,6020,CC210,1950.0,APPROVED,v2
1749,FY2025,12,6020,CC220,750.0,APPROVED,v2
1750,FY2025,12,6020,CC300,2000.0,APPROVED,v2
1751,FY2025,12,6020,CC400,1950.0,APPROVED,v2
1752,FY2025,12,6020,CC500,1100.0,APPROVED,v2
1753,FY2025,12,6020,CC600,950.0,APPROVED,v2
1754,FY2025,12,6040,CC100,1450.0,APPROVED,v2
1755,FY2025,12,6100,CC100,4450.0,APPROVED,v2
1756,FY2025,12,6120,CC300,2150.0,APPROVED,v2
1757,FY2025,12,6130,CC100,750.0,APPROVED,v2
1758,FY2025,12,6140,CC300,10100.0,APPROVED,v2
1759,FY2025,12,6200,CC200,650.0,APPROVED,v2
1760,FY2025,12,6200,CC220,5150.0,APPROVED,v2
1761,FY2025,12,6200,CC300,7900.0,APPROVED,v2
1762,FY2025,12,6210,CC210,950.0,APPROVED,v2
1763,FY2025,12,6210,CC220,1400.0,APPROVED,v2
1764,FY2025,12,6210,CC500,750.0,APPROVED,v2
1765,FY2025,12,6300,CC600,550.0,APPROVED,v2
1766,FY2025,12,6400,CC210,1050.0,APPROVED,v2
1767,FY2025,12,6500,CC500,56550.0,APPROVED,v2
1768,FY2025,12,6510,CC500,11600.0,APPROVED,v2
1769,FY2025,12,6600,CC100,22700.0,APPROVED,v2
1770,FY2025,12,6900,CC220,-6450.0,APPROVED,v2
1771,FY2025,12,6900,CC400,950.0,APPROVED,v2
1772,FY2025,12,8000,CC500,291950.0,APPROVED,v2
