rate_date,from_currency,to_currency,rate
2022-01-03,EUR,GBP,0.838133
2022-01-03,USD,GBP,0.777451
2022-01-04,EUR,GBP,0.837298
2022-01-04,USD,GBP,0.781427
2022-01-05,EUR,GBP,0.837384
2022-01-05,USD,GBP,0.785914
2022-01-06,EUR,GBP,0.838872
2022-01-06,USD,GBP,0.789225
2022-01-07,EUR,GBP,0.836607
2022-01-07,USD,GBP,0.789442
2022-01-10,EUR,GBP,0.831338
2022-01-10,USD,GBP,0.784236
2022-01-11,EUR,GBP,0.831314
2022-01-11,USD,GBP,0.785772
2022-01-12,EUR,GBP,0.832361
2022-01-12,USD,GBP,0.786451
2022-01-13,EUR,GBP,0.831772
2022-01-13,USD,GBP,0.785554
2022-01-14,EUR,GBP,0.836337
2022-01-14,USD,GBP,0.78806
2022-01-17,EUR,GBP,0.832596
2022-01-17,USD,GBP,0.787576
2022-01-18,EUR,GBP,0.830189
2022-01-18,USD,GBP,0.789819
2022-01-19,EUR,GBP,0.830349
2022-01-19,USD,GBP,0.787427
2022-01-20,EUR,GBP,0.828444
2022-01-20,USD,GBP,0.785587
2022-01-21,EUR,GBP,0.832146
2022-01-21,USD,GBP,0.789883
2022-01-24,EUR,GBP,0.830328
2022-01-24,USD,GBP,0.796814
2022-01-25,EUR,GBP,0.83281
2022-01-25,USD,GBP,0.802548
2022-01-26,EUR,GBP,0.836894
2022-01-26,USD,GBP,0.802076
2022-01-27,EUR,GBP,0.836316
2022-01-27,USD,GBP,0.804432
2022-01-28,EUR,GBP,0.834425
2022-01-28,USD,GBP,0.805632
2022-01-31,EUR,GBP,0.83129
2022-01-31,USD,GBP,0.813793
2022-02-01,EUR,GBP,0.831302
2022-02-01,USD,GBP,0.813665
2022-02-02,EUR,GBP,0.83061
2022-02-02,USD,GBP,0.810592
2022-02-03,EUR,GBP,0.833709
2022-02-03,USD,GBP,0.802491
2022-02-04,EUR,GBP,0.829181
2022-02-04,USD,GBP,0.799432
2022-02-07,EUR,GBP,0.82388
2022-02-07,USD,GBP,0.790928
2022-02-08,EUR,GBP,0.822711
2022-02-08,USD,GBP,0.788582
2022-02-09,EUR,GBP,0.821981
2022-02-09,USD,GBP,0.788967
2022-02-10,EUR,GBP,0.825265
2022-02-10,USD,GBP,0.785916
2022-02-11,EUR,GBP,0.828636
2022-02-11,USD,GBP,0.786504
2022-02-14,EUR,GBP,0.827814
2022-02-14,USD,GBP,0.791892
2022-02-15,EUR,GBP,0.824721
2022-02-15,USD,GBP,0.789759
2022-02-16,EUR,GBP,0.824999
2022-02-16,USD,GBP,0.789051
2022-02-17,EUR,GBP,0.823909
2022-02-17,USD,GBP,0.788812
2022-02-18,EUR,GBP,0.826107
2022-02-18,USD,GBP,0.787974
2022-02-21,EUR,GBP,0.829565
2022-02-21,USD,GBP,0.78754
2022-02-22,EUR,GBP,0.828346
2022-02-22,USD,GBP,0.786416
2022-02-23,EUR,GBP,0.824684
2022-02-23,USD,GBP,0.783018
2022-02-24,EUR,GBP,0.82289
2022-02-24,USD,GBP,0.785401
2022-02-25,EUR,GBP,0.82127
2022-02-25,USD,GBP,0.787018
2022-02-28,EUR,GBP,0.832538
2022-02-28,USD,GBP,0.793591
2022-03-01,EUR,GBP,0.832516
2022-03-01,USD,GBP,0.793959
2022-03-02,EUR,GBP,0.837898
2022-03-02,USD,GBP,0.792437
2022-03-03,EUR,GBP,0.837992
2022-03-03,USD,GBP,0.793757
2022-03-04,EUR,GBP,0.836602
2022-03-07,EUR,GBP,0.836233
2022-03-07,USD,GBP,0.781323
2022-03-08,EUR,GBP,0.838577
2022-03-08,USD,GBP,0.778547
2022-03-09,EUR,GBP,0.835811
2022-03-09,USD,GBP,0.778695
2022-03-10,EUR,GBP,0.836826
2022-03-10,USD,GBP,0.779673
2022-03-11,EUR,GBP,0.833352
2022-03-11,USD,GBP,0.776203
2022-03-14,EUR,GBP,0.836254
2022-03-14,USD,GBP,0.780216
2022-03-15,EUR,GBP,0.837769
2022-03-15,USD,GBP,0.778109
2022-03-16,EUR,GBP,0.836711
2022-03-16,USD,GBP,0.778628
2022-03-17,EUR,GBP,0.837657
2022-03-17,USD,GBP,0.776097
2022-03-18,EUR,GBP,0.844065
2022-03-18,USD,GBP,0.777329
2022-03-21,EUR,GBP,0.845973
2022-03-21,USD,GBP,0.782116
2022-03-22,EUR,GBP,0.84396
2022-03-22,USD,GBP,0.784667
2022-03-23,EUR,GBP,0.845058
2022-03-23,USD,GBP,0.791531
2022-03-24,EUR,GBP,0.84004
2022-03-24,USD,GBP,0.792446
2022-03-25,EUR,GBP,0.842337
2022-03-25,USD,GBP,0.796465
2022-03-28,EUR,GBP,0.842475
2022-03-28,USD,GBP,0.789057
2022-03-29,EUR,GBP,0.838052
2022-03-29,USD,GBP,0.789442
2022-03-30,EUR,GBP,0.841323
2022-03-30,USD,GBP,0.795399
2022-03-31,EUR,GBP,0.841438
2022-03-31,USD,GBP,0.794088
2022-04-01,EUR,GBP,0.840725
2022-04-01,USD,GBP,0.795478
2022-04-04,EUR,GBP,0.839145
2022-04-04,USD,GBP,0.794361
2022-04-05,EUR,GBP,0.834219
2022-04-05,USD,GBP,0.799737
2022-04-06,EUR,GBP,0.834857
2022-04-06,USD,GBP,0.798347
2022-04-07,EUR,GBP,0.828807
2022-04-07,USD,GBP,0.803206
2022-04-08,EUR,GBP,0.826321
2022-04-08,USD,GBP,0.800272
2022-04-11,EUR,GBP,0.831647
2022-04-11,USD,GBP,0.801584
2022-04-12,EUR,GBP,0.827543
2022-04-12,USD,GBP,0.799059
2022-04-13,EUR,GBP,0.833233
2022-04-13,USD,GBP,0.796859
2022-04-14,EUR,GBP,0.835856
2022-04-14,USD,GBP,0.79712
2022-04-15,EUR,GBP,0.837958
2022-04-15,USD,GBP,0.79673
2022-04-18,EUR,GBP,0.84177
2022-04-18,USD,GBP,0.794906
2022-04-19,EUR,GBP,0.842558
2022-04-19,USD,GBP,0.797972
2022-04-20,EUR,GBP,0.844371
2022-04-20,USD,GBP,0.796549
2022-04-21,EUR,GBP,0.846858
2022-04-21,USD,GBP,0.795738
2022-04-22,EUR,GBP,0.851131
2022-04-22,USD,GBP,0.794438
2022-04-25,EUR,GBP,0.85536
2022-04-25,USD,GBP,0.794629
2022-04-26,EUR,GBP,0.858304
2022-04-26,USD,GBP,0.792206
2022-04-27,EUR,GBP,0.853883
2022-04-27,USD,GBP,0.785674
2022-04-28,EUR,GBP,0.850691
2022-04-28,USD,GBP,0.786378
2022-04-29,EUR,GBP,0.846292
2022-04-29,USD,GBP,0.786829
2022-05-02,EUR,GBP,0.840097
2022-05-02,USD,GBP,0.785956
2022-05-03,EUR,GBP,0.838652
2022-05-03,USD,GBP,0.783945
2022-05-04,EUR,GBP,0.841262
2022-05-04,USD,GBP,0.785786
2022-05-05,EUR,GBP,0.840331
2022-05-05,USD,GBP,0.781395
2022-05-06,EUR,GBP,0.837928
2022-05-06,USD,GBP,0.782006
2022-05-09,EUR,GBP,0.836637
2022-05-09,USD,GBP,0.782678
2022-05-10,EUR,GBP,0.833106
2022-05-10,USD,GBP,0.780961
2022-05-11,EUR,GBP,0.831226
2022-05-11,USD,GBP,0.779042
2022-05-12,EUR,GBP,0.828539
2022-05-12,USD,GBP,0.776928
2022-05-13,EUR,GBP,0.824609
2022-05-13,USD,GBP,0.780926
2022-05-16,EUR,GBP,0.818161
2022-05-16,USD,GBP,0.782144
2022-05-17,EUR,GBP,0.814673
2022-05-17,USD,GBP,0.782569
2022-05-18,EUR,GBP,0.812922
2022-05-18,USD,GBP,0.785155
2022-05-19,EUR,GBP,0.812777
2022-05-19,USD,GBP,0.786862
2022-05-20,EUR,GBP,0.81791
2022-05-20,USD,GBP,0.784025
2022-05-23,EUR,GBP,0.812266
2022-05-23,USD,GBP,0.791063
2022-05-24,EUR,GBP,0.816212
2022-05-24,USD,GBP,0.79161
2022-05-25,EUR,GBP,0.816671
2022-05-25,USD,GBP,0.790177
2022-05-26,EUR,GBP,0.813795
2022-05-26,USD,GBP,0.788944
2022-05-27,EUR,GBP,0.818344
2022-05-27,USD,GBP,0.786187
2022-05-30,EUR,GBP,0.820927
2022-05-30,USD,GBP,0.787297
2022-05-31,EUR,GBP,0.821097
2022-05-31,USD,GBP,0.784492
2022-06-01,EUR,GBP,0.82242
2022-06-01,USD,GBP,0.783622
2022-06-02,EUR,GBP,0.821144
2022-06-02,USD,GBP,0.784067
2022-06-03,EUR,GBP,0.818184
2022-06-03,USD,GBP,0.789503
2022-06-06,EUR,GBP,0.817464
2022-06-06,USD,GBP,0.783547
2022-06-07,USD,GBP,0.782154
2022-06-08,EUR,GBP,0.821988
2022-06-08,USD,GBP,0.783863
2022-06-09,EUR,GBP,0.824964
2022-06-09,USD,GBP,0.781657
2022-06-10,EUR,GBP,0.823564
2022-06-10,USD,GBP,0.781242
2022-06-13,EUR,GBP,0.818445
2022-06-13,USD,GBP,0.780371
2022-06-14,EUR,GBP,0.813634
2022-06-14,USD,GBP,0.777252
2022-06-15,EUR,GBP,0.820228
2022-06-15,USD,GBP,0.777745
2022-06-16,EUR,GBP,0.817219
2022-06-16,USD,GBP,0.779619
2022-06-17,EUR,GBP,0.826944
2022-06-17,USD,GBP,0.778727
2022-06-20,EUR,GBP,0.833844
2022-06-20,USD,GBP,0.783353
2022-06-21,EUR,GBP,0.831583
2022-06-21,USD,GBP,0.784115
2022-06-22,EUR,GBP,0.833039
2022-06-22,USD,GBP,0.785644
2022-06-23,EUR,GBP,0.836097
2022-06-23,USD,GBP,0.790053
2022-06-24,EUR,GBP,0.832737
2022-06-24,USD,GBP,0.78954
2022-06-27,EUR,GBP,0.829735
2022-06-27,USD,GBP,0.78459
2022-06-28,EUR,GBP,0.82518
2022-06-28,USD,GBP,0.782373
2022-06-29,EUR,GBP,0.821706
2022-06-29,USD,GBP,0.781466
2022-06-30,EUR,GBP,0.812719
2022-06-30,USD,GBP,0.780079
2022-07-01,EUR,GBP,0.809704
2022-07-01,USD,GBP,0.776317
2022-07-04,EUR,GBP,0.805732
2022-07-04,USD,GBP,0.773178
2022-07-05,EUR,GBP,0.806719
2022-07-05,USD,GBP,0.772125
2022-07-06,EUR,GBP,0.802576
2022-07-06,USD,GBP,0.772133
2022-07-07,EUR,GBP,0.807007
2022-07-07,USD,GBP,0.77468
2022-07-08,EUR,GBP,0.810726
2022-07-08,USD,GBP,0.778396
2022-07-11,EUR,GBP,0.815161
2022-07-11,USD,GBP,0.772593
2022-07-12,EUR,GBP,0.816356
2022-07-12,USD,GBP,0.77303
2022-07-13,EUR,GBP,0.817932
2022-07-13,USD,GBP,0.765939
2022-07-14,EUR,GBP,0.818638
2022-07-14,USD,GBP,0.770855
2022-07-15,EUR,GBP,0.817906
2022-07-15,USD,GBP,0.770821
2022-07-18,EUR,GBP,0.82065
2022-07-18,USD,GBP,0.766935
2022-07-19,EUR,GBP,0.827856
2022-07-19,USD,GBP,0.764709
2022-07-20,EUR,GBP,0.824588
2022-07-20,USD,GBP,0.766382
2022-07-21,EUR,GBP,0.824012
2022-07-21,USD,GBP,0.764148
2022-07-22,EUR,GBP,0.82534
2022-07-22,USD,GBP,0.764438
2022-07-25,EUR,GBP,0.827245
2022-07-25,USD,GBP,0.764929
2022-07-26,EUR,GBP,0.827715
2022-07-26,USD,GBP,0.765775
2022-07-27,EUR,GBP,0.829555
2022-07-27,USD,GBP,0.76568
2022-07-28,EUR,GBP,0.82787
2022-07-28,USD,GBP,0.760799
2022-07-29,EUR,GBP,0.825658
2022-07-29,USD,GBP,0.76189
2022-08-01,EUR,GBP,0.820816
2022-08-01,USD,GBP,0.763522
2022-08-02,EUR,GBP,0.82022
2022-08-02,USD,GBP,0.764615
2022-08-03,EUR,GBP,0.817782
2022-08-03,USD,GBP,0.765597
2022-08-04,EUR,GBP,0.818133
2022-08-04,USD,GBP,0.765762
2022-08-05,EUR,GBP,0.814089
2022-08-05,USD,GBP,0.768715
2022-08-08,EUR,GBP,0.813546
2022-08-08,USD,GBP,0.77219
2022-08-09,EUR,GBP,0.806449
2022-08-09,USD,GBP,0.77091
2022-08-10,EUR,GBP,0.806614
2022-08-10,USD,GBP,0.769053
2022-08-11,EUR,GBP,0.806001
2022-08-11,USD,GBP,0.765953
2022-08-12,EUR,GBP,0.804611
2022-08-12,USD,GBP,0.766432
2022-08-15,EUR,GBP,0.797604
2022-08-15,USD,GBP,0.759761
2022-08-16,EUR,GBP,0.798232
2022-08-16,USD,GBP,0.763622
2022-08-17,EUR,GBP,0.800451
2022-08-17,USD,GBP,0.76285
2022-08-18,EUR,GBP,0.802299
2022-08-18,USD,GBP,0.766352
2022-08-19,EUR,GBP,0.796526
2022-08-19,USD,GBP,0.761327
2022-08-22,EUR,GBP,0.791247
2022-08-22,USD,GBP,0.758575
2022-08-23,EUR,GBP,0.789974
2022-08-23,USD,GBP,0.761087
2022-08-24,EUR,GBP,0.792183
2022-08-24,USD,GBP,0.758231
2022-08-25,EUR,GBP,0.78802
2022-08-25,USD,GBP,0.761242
2022-08-26,EUR,GBP,0.790631
2022-08-26,USD,GBP,0.761933
2022-08-29,EUR,GBP,0.798527
2022-08-29,USD,GBP,0.759272
2022-08-30,EUR,GBP,0.796682
2022-08-30,USD,GBP,0.754745
2022-08-31,EUR,GBP,0.799546
2022-08-31,USD,GBP,0.755617
2022-09-01,EUR,GBP,0.79804
2022-09-01,USD,GBP,0.753136
2022-09-02,EUR,GBP,0.795334
2022-09-02,USD,GBP,0.754698
2022-09-05,EUR,GBP,0.7987
2022-09-05,USD,GBP,0.755298
2022-09-06,EUR,GBP,0.798678
2022-09-06,USD,GBP,0.756652
2022-09-07,EUR,GBP,0.802774
2022-09-07,USD,GBP,0.756788
2022-09-08,EUR,GBP,0.805472
2022-09-08,USD,GBP,0.756587
2022-09-09,EUR,GBP,0.805604
2022-09-09,USD,GBP,0.759647
2022-09-12,EUR,GBP,0.807373
2022-09-12,USD,GBP,0.753636
2022-09-13,EUR,GBP,0.810037
2022-09-13,USD,GBP,0.754163
2022-09-14,EUR,GBP,0.808666
2022-09-14,USD,GBP,0.750193
2022-09-15,EUR,GBP,0.807179
2022-09-15,USD,GBP,0.754823
2022-09-16,EUR,GBP,0.8062
2022-09-16,USD,GBP,0.753539
2022-09-19,EUR,GBP,0.803897
2022-09-19,USD,GBP,0.758003
2022-09-20,EUR,GBP,0.801393
2022-09-20,USD,GBP,0.754046
2022-09-21,EUR,GBP,0.800647
2022-09-21,USD,GBP,0.754208
2022-09-22,EUR,GBP,0.803164
2022-09-22,USD,GBP,0.756554
2022-09-23,EUR,GBP,0.803515
2022-09-23,USD,GBP,0.756036
2022-09-26,EUR,GBP,0.811423
2022-09-26,USD,GBP,0.75089
2022-09-27,EUR,GBP,0.818538
2022-09-27,USD,GBP,0.751063
2022-09-28,EUR,GBP,0.817523
2022-09-28,USD,GBP,0.749036
2022-09-29,EUR,GBP,0.820728
2022-09-29,USD,GBP,0.747153
2022-09-30,USD,GBP,0.750543
2022-10-03,USD,GBP,0.749519
2022-10-04,EUR,GBP,0.826647
2022-10-04,USD,GBP,0.750692
2022-10-05,EUR,GBP,0.827456
2022-10-05,USD,GBP,0.750611
2022-10-06,EUR,GBP,0.828987
2022-10-06,USD,GBP,0.751347
2022-10-07,EUR,GBP,0.830448
2022-10-07,USD,GBP,0.755909
2022-10-10,EUR,GBP,0.830411
2022-10-10,USD,GBP,0.755723
2022-10-11,EUR,GBP,0.830667
2022-10-11,USD,GBP,0.75468
2022-10-12,EUR,GBP,0.83148
2022-10-12,USD,GBP,0.754452
2022-10-13,EUR,GBP,0.834837
2022-10-13,USD,GBP,0.753524
2022-10-14,EUR,GBP,0.836662
2022-10-17,EUR,GBP,0.837853
2022-10-17,USD,GBP,0.757691
2022-10-18,EUR,GBP,0.837379
2022-10-18,USD,GBP,0.762004
2022-10-19,EUR,GBP,0.834981
2022-10-19,USD,GBP,0.766119
2022-10-20,EUR,GBP,0.834011
2022-10-20,USD,GBP,0.767099
2022-10-21,EUR,GBP,0.830719
2022-10-21,USD,GBP,0.766853
2022-10-24,EUR,GBP,0.835254
2022-10-24,USD,GBP,0.774663
2022-10-25,EUR,GBP,0.839406
2022-10-25,USD,GBP,0.772083
2022-10-26,EUR,GBP,0.842369
2022-10-26,USD,GBP,0.77338
2022-10-27,EUR,GBP,0.833716
2022-10-27,USD,GBP,0.772577
2022-10-28,EUR,GBP,0.833437
2022-10-28,USD,GBP,0.771889
2022-10-31,EUR,GBP,0.83919
2022-10-31,USD,GBP,0.774916
2022-11-01,EUR,GBP,0.84278
2022-11-01,USD,GBP,0.772213
2022-11-02,EUR,GBP,0.836427
2022-11-02,USD,GBP,0.775996
2022-11-03,EUR,GBP,0.833814
2022-11-03,USD,GBP,0.77976
2022-11-04,EUR,GBP,0.8397
2022-11-04,USD,GBP,0.779528
2022-11-07,EUR,GBP,0.840646
2022-11-07,USD,GBP,0.778223
2022-11-08,EUR,GBP,0.837118
2022-11-08,USD,GBP,0.779175
2022-11-09,EUR,GBP,0.837273
2022-11-09,USD,GBP,0.781472
2022-11-10,EUR,GBP,0.836668
2022-11-10,USD,GBP,0.784533
2022-11-11,EUR,GBP,0.830832
2022-11-11,USD,GBP,0.78705
2022-11-14,EUR,GBP,0.827804
2022-11-14,USD,GBP,0.782283
2022-11-15,EUR,GBP,0.82664
2022-11-15,USD,GBP,0.784428
2022-11-16,EUR,GBP,0.827325
2022-11-16,USD,GBP,0.782824
2022-11-17,EUR,GBP,0.829148
2022-11-17,USD,GBP,0.786501
2022-11-18,EUR,GBP,0.830283
2022-11-18,USD,GBP,0.790294
2022-11-21,EUR,GBP,0.831411
2022-11-21,USD,GBP,0.791523
2022-11-22,EUR,GBP,0.834652
2022-11-22,USD,GBP,0.794873
2022-11-23,EUR,GBP,0.833991
2022-11-23,USD,GBP,0.798807
2022-11-24,EUR,GBP,0.835259
2022-11-24,USD,GBP,0.798894
2022-11-25,EUR,GBP,0.834888
2022-11-25,USD,GBP,0.798986
2022-11-28,EUR,GBP,0.830619
2022-11-28,USD,GBP,0.80625
2022-11-29,EUR,GBP,0.832736
2022-11-29,USD,GBP,0.805633
2022-11-30,EUR,GBP,0.838657
2022-11-30,USD,GBP,0.8105
2022-12-01,EUR,GBP,0.839055
2022-12-01,USD,GBP,0.806611
2022-12-02,EUR,GBP,0.838444
2022-12-02,USD,GBP,0.804117
2022-12-05,USD,GBP,0.808516
2022-12-06,EUR,GBP,0.839461
2022-12-06,USD,GBP,0.807371
2022-12-07,EUR,GBP,0.839104
2022-12-07,USD,GBP,0.808083
2022-12-08,EUR,GBP,0.838234
2022-12-08,USD,GBP,0.801886
2022-12-09,EUR,GBP,0.840775
2022-12-09,USD,GBP,0.80264
2022-12-12,EUR,GBP,0.826224
2022-12-12,USD,GBP,0.805537
2022-12-13,EUR,GBP,0.81942
2022-12-13,USD,GBP,0.809425
2022-12-14,EUR,GBP,0.82052
2022-12-14,USD,GBP,0.808369
2022-12-15,EUR,GBP,0.82731
2022-12-15,USD,GBP,0.813993
2022-12-16,EUR,GBP,0.827723
2022-12-16,USD,GBP,0.811246
2022-12-19,EUR,GBP,0.820508
2022-12-19,USD,GBP,0.802074
2022-12-20,EUR,GBP,0.823647
2022-12-20,USD,GBP,0.803393
2022-12-21,EUR,GBP,0.823185
2022-12-21,USD,GBP,0.803569
2022-12-22,EUR,GBP,0.818406
2022-12-22,USD,GBP,0.800104
2022-12-23,EUR,GBP,0.823225
2022-12-23,USD,GBP,0.800356
2022-12-26,EUR,GBP,0.827183
2022-12-26,USD,GBP,0.790177
2022-12-27,EUR,GBP,0.831009
2022-12-27,USD,GBP,0.791983
2022-12-28,EUR,GBP,0.833311
2022-12-28,USD,GBP,0.789809
2022-12-29,EUR,GBP,0.829622
2022-12-29,USD,GBP,0.788127
2022-12-30,EUR,GBP,0.830746
2022-12-30,USD,GBP,0.789469
2023-01-02,EUR,GBP,0.824771
2023-01-02,USD,GBP,0.785328
2023-01-03,EUR,GBP,0.825355
2023-01-03,USD,GBP,0.783922
2023-01-04,EUR,GBP,0.829008
2023-01-05,EUR,GBP,0.832928
2023-01-05,USD,GBP,0.775406
2023-01-06,EUR,GBP,0.834593
2023-01-06,USD,GBP,0.77661
2023-01-09,EUR,GBP,0.836639
2023-01-09,USD,GBP,0.779781
2023-01-10,EUR,GBP,0.83992
2023-01-10,USD,GBP,0.776076
2023-01-11,EUR,GBP,0.837835
2023-01-11,USD,GBP,0.777292
2023-01-12,EUR,GBP,0.841304
2023-01-12,USD,GBP,0.773619
2023-01-13,EUR,GBP,0.842308
2023-01-13,USD,GBP,0.770035
2023-01-16,EUR,GBP,0.84367
2023-01-16,USD,GBP,0.771755
2023-01-17,EUR,GBP,0.840513
2023-01-17,USD,GBP,0.773017
2023-01-18,EUR,GBP,0.846775
2023-01-18,USD,GBP,0.771259
2023-01-19,EUR,GBP,0.844316
2023-01-19,USD,GBP,0.770219
2023-01-20,EUR,GBP,0.844536
2023-01-20,USD,GBP,0.766707
2023-01-23,EUR,GBP,0.842361
2023-01-23,USD,GBP,0.768998
2023-01-24,EUR,GBP,0.846129
2023-01-24,USD,GBP,0.770483
2023-01-25,EUR,GBP,0.850108
2023-01-25,USD,GBP,0.769347
2023-01-26,EUR,GBP,0.852109
2023-01-26,USD,GBP,0.771666
2023-01-27,EUR,GBP,0.850117
2023-01-27,USD,GBP,0.771035
2023-01-30,EUR,GBP,0.852499
2023-01-30,USD,GBP,0.777304
2023-01-31,EUR,GBP,0.852746
2023-01-31,USD,GBP,0.76962
2023-02-01,EUR,GBP,0.854888
2023-02-01,USD,GBP,0.766527
2023-02-02,EUR,GBP,0.853353
2023-02-02,USD,GBP,0.76755
2023-02-03,EUR,GBP,0.853099
2023-02-03,USD,GBP,0.76986
2023-02-06,EUR,GBP,0.856923
2023-02-06,USD,GBP,0.76869
2023-02-07,EUR,GBP,0.85403
2023-02-07,USD,GBP,0.766385
2023-02-08,EUR,GBP,0.854126
2023-02-08,USD,GBP,0.762787
2023-02-09,EUR,GBP,0.852264
2023-02-09,USD,GBP,0.756631
2023-02-10,EUR,GBP,0.855351
2023-02-10,USD,GBP,0.754332
2023-02-13,EUR,GBP,0.854899
2023-02-13,USD,GBP,0.749633
2023-02-14,EUR,GBP,0.862152
2023-02-14,USD,GBP,0.746952
2023-02-15,EUR,GBP,0.864003
2023-02-15,USD,GBP,0.742339
2023-02-16,EUR,GBP,0.864731
2023-02-16,USD,GBP,0.739096
2023-02-17,EUR,GBP,0.866741
2023-02-17,USD,GBP,0.738385
2023-02-20,EUR,GBP,0.866794
2023-02-20,USD,GBP,0.738563
2023-02-21,EUR,GBP,0.866452
2023-02-21,USD,GBP,0.737822
2023-02-22,EUR,GBP,0.867415
2023-02-22,USD,GBP,0.742515
2023-02-23,EUR,GBP,0.864085
2023-02-23,USD,GBP,0.743153
2023-02-24,EUR,GBP,0.861915
2023-02-24,USD,GBP,0.741141
2023-02-27,EUR,GBP,0.871546
2023-02-27,USD,GBP,0.73774
2023-02-28,EUR,GBP,0.870436
2023-02-28,USD,GBP,0.735951
2023-03-01,EUR,GBP,0.872128
2023-03-01,USD,GBP,0.738508
2023-03-02,EUR,GBP,0.872033
2023-03-02,USD,GBP,0.741626
2023-03-03,EUR,GBP,0.872897
2023-03-03,USD,GBP,0.743229
2023-03-06,EUR,GBP,0.869027
2023-03-06,USD,GBP,0.746459
2023-03-07,EUR,GBP,0.868314
2023-03-07,USD,GBP,0.750784
2023-03-08,EUR,GBP,0.873064
2023-03-08,USD,GBP,0.746894
2023-03-09,EUR,GBP,0.870881
2023-03-09,USD,GBP,0.748129
2023-03-10,EUR,GBP,0.876347
2023-03-10,USD,GBP,0.753328
2023-03-13,EUR,GBP,0.880167
2023-03-13,USD,GBP,0.751773
2023-03-14,EUR,GBP,0.874418
2023-03-14,USD,GBP,0.751475
2023-03-15,EUR,GBP,0.873303
2023-03-15,USD,GBP,0.755055
2023-03-16,EUR,GBP,0.87547
2023-03-16,USD,GBP,0.754773
2023-03-17,EUR,GBP,0.879172
2023-03-17,USD,GBP,0.757062
2023-03-20,EUR,GBP,0.883747
2023-03-20,USD,GBP,0.757735
2023-03-21,EUR,GBP,0.882863
2023-03-21,USD,GBP,0.756062
2023-03-22,EUR,GBP,0.884996
2023-03-22,USD,GBP,0.756519
2023-03-23,EUR,GBP,0.884314
2023-03-23,USD,GBP,0.758164
2023-03-24,EUR,GBP,0.884089
2023-03-24,USD,GBP,0.758184
2023-03-27,EUR,GBP,0.886272
2023-03-27,USD,GBP,0.751378
2023-03-28,EUR,GBP,0.884394
2023-03-28,USD,GBP,0.751457
2023-03-29,EUR,GBP,0.886291
2023-03-29,USD,GBP,0.748422
2023-03-30,EUR,GBP,0.893639
2023-03-30,USD,GBP,0.746188
2023-03-31,EUR,GBP,0.889556
2023-03-31,USD,GBP,0.747225
2023-04-03,EUR,GBP,0.893814
2023-04-03,USD,GBP,0.751732
2023-04-04,EUR,GBP,0.890287
2023-04-04,USD,GBP,0.754876
2023-04-05,EUR,GBP,0.896377
2023-04-05,USD,GBP,0.756696
2023-04-06,EUR,GBP,0.902343
2023-04-06,USD,GBP,0.761641
2023-04-07,EUR,GBP,0.898416
2023-04-07,USD,GBP,0.761634
2023-04-10,EUR,GBP,0.899066
2023-04-10,USD,GBP,0.757383
2023-04-11,USD,GBP,0.756024
2023-04-12,EUR,GBP,0.900225
2023-04-12,USD,GBP,0.753769
2023-04-13,EUR,GBP,0.902108
2023-04-13,USD,GBP,0.751421
2023-04-14,EUR,GBP,0.897234
2023-04-14,USD,GBP,0.750763
2023-04-17,EUR,GBP,0.895608
2023-04-17,USD,GBP,0.75267
2023-04-18,EUR,GBP,0.898182
2023-04-18,USD,GBP,0.753382
2023-04-19,EUR,GBP,0.895376
2023-04-19,USD,GBP,0.75375
2023-04-20,EUR,GBP,0.897453
2023-04-20,USD,GBP,0.756385
2023-04-21,EUR,GBP,0.90474
2023-04-21,USD,GBP,0.755677
2023-04-24,USD,GBP,0.756416
2023-04-25,EUR,GBP,0.903425
2023-04-25,USD,GBP,0.756319
2023-04-26,EUR,GBP,0.901307
2023-04-26,USD,GBP,0.760541
2023-04-27,EUR,GBP,0.903847
2023-04-27,USD,GBP,0.759022
2023-04-28,EUR,GBP,0.905181
2023-04-28,USD,GBP,0.757775
2023-05-01,EUR,GBP,0.910879
2023-05-01,USD,GBP,0.752103
2023-05-02,EUR,GBP,0.912381
2023-05-02,USD,GBP,0.749395
2023-05-03,EUR,GBP,0.912833
2023-05-03,USD,GBP,0.755411
2023-05-04,EUR,GBP,0.9079
2023-05-04,USD,GBP,0.751388
2023-05-05,EUR,GBP,0.90675
2023-05-05,USD,GBP,0.749539
2023-05-08,EUR,GBP,0.91313
2023-05-08,USD,GBP,0.749958
2023-05-09,EUR,GBP,0.905037
2023-05-09,USD,GBP,0.750405
2023-05-10,EUR,GBP,0.904331
2023-05-10,USD,GBP,0.75051
2023-05-11,USD,GBP,0.752601
2023-05-12,EUR,GBP,0.904902
2023-05-12,USD,GBP,0.753052
2023-05-15,EUR,GBP,0.901294
2023-05-15,USD,GBP,0.751676
2023-05-16,EUR,GBP,0.893471
2023-05-16,USD,GBP,0.754788
2023-05-17,EUR,GBP,0.894107
2023-05-17,USD,GBP,0.757201
2023-05-18,EUR,GBP,0.896352
2023-05-18,USD,GBP,0.758645
2023-05-19,EUR,GBP,0.893289
2023-05-19,USD,GBP,0.757848
2023-05-22,EUR,GBP,0.896861
2023-05-22,USD,GBP,0.758201
2023-05-23,EUR,GBP,0.89669
2023-05-23,USD,GBP,0.759227
2023-05-24,EUR,GBP,0.892807
2023-05-24,USD,GBP,0.758622
2023-05-25,EUR,GBP,0.891083
2023-05-25,USD,GBP,0.757559
2023-05-26,EUR,GBP,0.892342
2023-05-29,EUR,GBP,0.899154
2023-05-29,USD,GBP,0.757902
2023-05-30,EUR,GBP,0.896598
2023-05-30,USD,GBP,0.761618
2023-05-31,EUR,GBP,0.90312
2023-05-31,USD,GBP,0.763294
2023-06-01,EUR,GBP,0.902883
2023-06-01,USD,GBP,0.760525
2023-06-02,EUR,GBP,0.904302
2023-06-02,USD,GBP,0.756142
2023-06-05,EUR,GBP,0.907279
2023-06-05,USD,GBP,0.757765
2023-06-06,EUR,GBP,0.913834
2023-06-06,USD,GBP,0.760196
2023-06-07,EUR,GBP,0.911177
2023-06-07,USD,GBP,0.757693
2023-06-08,EUR,GBP,0.912159
2023-06-08,USD,GBP,0.756664
2023-06-09,EUR,GBP,0.915755
2023-06-09,USD,GBP,0.756389
2023-06-12,EUR,GBP,0.909315
2023-06-12,USD,GBP,0.751987
2023-06-13,EUR,GBP,0.906992
2023-06-13,USD,GBP,0.751822
2023-06-14,EUR,GBP,0.903344
2023-06-14,USD,GBP,0.746886
2023-06-15,EUR,GBP,0.901326
2023-06-15,USD,GBP,0.749755
2023-06-16,EUR,GBP,0.895687
2023-06-16,USD,GBP,0.750604
2023-06-19,EUR,GBP,0.895253
2023-06-19,USD,GBP,0.757363
2023-06-20,EUR,GBP,0.89815
2023-06-20,USD,GBP,0.757221
2023-06-21,EUR,GBP,0.895675
2023-06-21,USD,GBP,0.753985
2023-06-22,EUR,GBP,0.892829
2023-06-22,USD,GBP,0.755261
2023-06-23,EUR,GBP,0.894529
2023-06-23,USD,GBP,0.754227
2023-06-26,EUR,GBP,0.891348
2023-06-26,USD,GBP,0.750762
2023-06-27,EUR,GBP,0.893962
2023-06-27,USD,GBP,0.753414
2023-06-28,EUR,GBP,0.896892
2023-06-28,USD,GBP,0.752769
2023-06-29,EUR,GBP,0.895071
2023-06-29,USD,GBP,0.75256
2023-06-30,EUR,GBP,0.895828
2023-07-03,EUR,GBP,0.902651
2023-07-03,USD,GBP,0.742505
2023-07-04,EUR,GBP,0.904691
2023-07-04,USD,GBP,0.744049
2023-07-05,EUR,GBP,0.896614
2023-07-05,USD,GBP,0.747361
2023-07-06,EUR,GBP,0.899449
2023-07-06,USD,GBP,0.750865
2023-07-07,EUR,GBP,0.901902
2023-07-07,USD,GBP,0.755407
2023-07-10,EUR,GBP,0.89984
2023-07-10,USD,GBP,0.756941
2023-07-11,EUR,GBP,0.899703
2023-07-11,USD,GBP,0.752746
2023-07-12,EUR,GBP,0.899438
2023-07-12,USD,GBP,0.752152
2023-07-13,USD,GBP,0.750108
2023-07-14,EUR,GBP,0.890838
2023-07-14,USD,GBP,0.751435
2023-07-17,EUR,GBP,0.893622
2023-07-17,USD,GBP,0.742804
2023-07-18,EUR,GBP,0.892344
2023-07-18,USD,GBP,0.741354
2023-07-19,EUR,GBP,0.893105
2023-07-19,USD,GBP,0.743557
2023-07-20,EUR,GBP,0.892054
2023-07-20,USD,GBP,0.744635
2023-07-21,EUR,GBP,0.889854
2023-07-21,USD,GBP,0.742215
2023-07-24,EUR,GBP,0.884482
2023-07-24,USD,GBP,0.743753
2023-07-25,EUR,GBP,0.887397
2023-07-25,USD,GBP,0.742789
2023-07-26,EUR,GBP,0.893082
2023-07-26,USD,GBP,0.740573
2023-07-27,EUR,GBP,0.892074
2023-07-27,USD,GBP,0.743309
2023-07-28,EUR,GBP,0.893443
2023-07-28,USD,GBP,0.738382
2023-07-31,EUR,GBP,0.895235
2023-07-31,USD,GBP,0.743821
2023-08-01,EUR,GBP,0.890552
2023-08-01,USD,GBP,0.743374
2023-08-02,EUR,GBP,0.888061
2023-08-02,USD,GBP,0.74271
2023-08-03,EUR,GBP,0.885197
2023-08-03,USD,GBP,0.745907
2023-08-04,USD,GBP,0.748007
2023-08-07,EUR,GBP,0.880303
2023-08-07,USD,GBP,0.743642
2023-08-08,EUR,GBP,0.883207
2023-08-08,USD,GBP,0.743669
2023-08-09,EUR,GBP,0.883823
2023-08-09,USD,GBP,0.747161
2023-08-10,EUR,GBP,0.891055
2023-08-10,USD,GBP,0.744259
2023-08-11,EUR,GBP,0.889233
2023-08-11,USD,GBP,0.740358
2023-08-14,EUR,GBP,0.880777
2023-08-14,USD,GBP,0.741202
2023-08-15,EUR,GBP,0.881996
2023-08-15,USD,GBP,0.743805
2023-08-16,EUR,GBP,0.879509
2023-08-16,USD,GBP,0.741623
2023-08-17,EUR,GBP,0.877713
2023-08-17,USD,GBP,0.739471
2023-08-18,EUR,GBP,0.874972
2023-08-18,USD,GBP,0.743955
2023-08-21,EUR,GBP,0.878455
2023-08-21,USD,GBP,0.73859
2023-08-22,EUR,GBP,0.876674
2023-08-22,USD,GBP,0.740088
2023-08-23,EUR,GBP,0.875117
2023-08-23,USD,GBP,0.736684
2023-08-24,EUR,GBP,0.871132
2023-08-24,USD,GBP,0.741095
2023-08-25,EUR,GBP,0.875302
2023-08-25,USD,GBP,0.738568
2023-08-28,EUR,GBP,0.883637
2023-08-28,USD,GBP,0.74173
2023-08-29,EUR,GBP,0.883077
2023-08-29,USD,GBP,0.739885
2023-08-30,EUR,GBP,0.881057
2023-08-30,USD,GBP,0.736643
2023-08-31,EUR,GBP,0.880979
2023-08-31,USD,GBP,0.735484
2023-09-01,EUR,GBP,0.878769
2023-09-01,USD,GBP,0.735876
2023-09-04,EUR,GBP,0.881132
2023-09-04,USD,GBP,0.732804
2023-09-05,EUR,GBP,0.878102
2023-09-05,USD,GBP,0.732395
2023-09-06,EUR,GBP,0.878399
2023-09-06,USD,GBP,0.727916
2023-09-07,EUR,GBP,0.877116
2023-09-07,USD,GBP,0.726353
2023-09-08,EUR,GBP,0.870755
2023-09-08,USD,GBP,0.727406
2023-09-11,EUR,GBP,0.871075
2023-09-11,USD,GBP,0.723162
2023-09-12,EUR,GBP,0.87031
2023-09-12,USD,GBP,0.720615
2023-09-13,EUR,GBP,0.869069
2023-09-13,USD,GBP,0.718026
2023-09-14,EUR,GBP,0.8658
2023-09-14,USD,GBP,0.715705
2023-09-15,USD,GBP,0.710688
2023-09-18,EUR,GBP,0.854825
2023-09-18,USD,GBP,0.715312
2023-09-19,EUR,GBP,0.852876
2023-09-19,USD,GBP,0.71216
2023-09-20,EUR,GBP,0.854461
2023-09-20,USD,GBP,0.715741
2023-09-21,EUR,GBP,0.856236
2023-09-21,USD,GBP,0.718391
2023-09-22,EUR,GBP,0.850548
2023-09-22,USD,GBP,0.714663
2023-09-25,EUR,GBP,0.847968
2023-09-25,USD,GBP,0.714372
2023-09-26,EUR,GBP,0.846565
2023-09-26,USD,GBP,0.712355
2023-09-27,EUR,GBP,0.836872
2023-09-27,USD,GBP,0.711233
2023-09-28,EUR,GBP,0.839467
2023-09-28,USD,GBP,0.709492
2023-09-29,EUR,GBP,0.841176
2023-09-29,USD,GBP,0.705953
2023-10-02,EUR,GBP,0.840347
2023-10-02,USD,GBP,0.707974
2023-10-03,EUR,GBP,0.8348
2023-10-03,USD,GBP,0.708757
2023-10-04,EUR,GBP,0.832214
2023-10-04,USD,GBP,0.705092
2023-10-05,EUR,GBP,0.832437
2023-10-05,USD,GBP,0.70505
2023-10-06,EUR,GBP,0.832678
2023-10-06,USD,GBP,0.705929
2023-10-09,EUR,GBP,0.831946
2023-10-09,USD,GBP,0.704593
2023-10-10,EUR,GBP,0.835148
2023-10-10,USD,GBP,0.702133
2023-10-11,EUR,GBP,0.837401
2023-10-11,USD,GBP,0.698686
2023-10-12,EUR,GBP,0.836111
2023-10-12,USD,GBP,0.699574
2023-10-13,EUR,GBP,0.835783
2023-10-13,USD,GBP,0.703047
2023-10-16,EUR,GBP,0.843686
2023-10-16,USD,GBP,0.702279
2023-10-17,EUR,GBP,0.845058
2023-10-17,USD,GBP,0.704373
2023-10-18,EUR,GBP,0.846073
2023-10-18,USD,GBP,0.706988
2023-10-19,EUR,GBP,0.841359
2023-10-19,USD,GBP,0.706564
2023-10-20,EUR,GBP,0.844887
2023-10-20,USD,GBP,0.702337
2023-10-23,EUR,GBP,0.841905
2023-10-23,USD,GBP,0.700918
2023-10-24,EUR,GBP,0.840139
2023-10-24,USD,GBP,0.700987
2023-10-25,EUR,GBP,0.837312
2023-10-25,USD,GBP,0.70151
2023-10-26,EUR,GBP,0.839361
2023-10-26,USD,GBP,0.699298
2023-10-27,EUR,GBP,0.841578
2023-10-27,USD,GBP,0.698268
2023-10-30,EUR,GBP,0.837341
2023-10-30,USD,GBP,0.700627
2023-10-31,EUR,GBP,0.836264
2023-10-31,USD,GBP,0.700501
2023-11-01,EUR,GBP,0.836276
2023-11-01,USD,GBP,0.701294
2023-11-02,EUR,GBP,0.836309
2023-11-02,USD,GBP,0.708423
2023-11-03,EUR,GBP,0.834362
2023-11-03,USD,GBP,0.708489
2023-11-06,EUR,GBP,0.834638
2023-11-06,USD,GBP,0.709654
2023-11-07,EUR,GBP,0.833769
2023-11-07,USD,GBP,0.710652
2023-11-08,EUR,GBP,0.830137
2023-11-08,USD,GBP,0.709777
2023-11-09,EUR,GBP,0.833142
2023-11-09,USD,GBP,0.716077
2023-11-10,EUR,GBP,0.833315
2023-11-10,USD,GBP,0.712588
2023-11-13,EUR,GBP,0.828013
2023-11-13,USD,GBP,0.715206
2023-11-14,EUR,GBP,0.828355
2023-11-14,USD,GBP,0.715357
2023-11-15,EUR,GBP,0.829949
2023-11-15,USD,GBP,0.71813
2023-11-16,EUR,GBP,0.830206
2023-11-16,USD,GBP,0.716647
2023-11-17,EUR,GBP,0.829756
2023-11-17,USD,GBP,0.71922
2023-11-20,EUR,GBP,0.823407
2023-11-20,USD,GBP,0.729518
2023-11-21,EUR,GBP,0.822833
2023-11-21,USD,GBP,0.732141
2023-11-22,EUR,GBP,0.815756
2023-11-22,USD,GBP,0.72764
2023-11-23,EUR,GBP,0.813494
2023-11-23,USD,GBP,0.726861
2023-11-24,EUR,GBP,0.815029
2023-11-24,USD,GBP,0.726179
2023-11-27,EUR,GBP,0.817413
2023-11-27,USD,GBP,0.723287
2023-11-28,EUR,GBP,0.811414
2023-11-29,EUR,GBP,0.816449
2023-11-29,USD,GBP,0.726957
2023-11-30,EUR,GBP,0.810109
2023-11-30,USD,GBP,0.728532
2023-12-01,EUR,GBP,0.812821
2023-12-01,USD,GBP,0.730709
2023-12-04,EUR,GBP,0.805735
2023-12-04,USD,GBP,0.731478
2023-12-05,EUR,GBP,0.805046
2023-12-05,USD,GBP,0.731377
2023-12-06,EUR,GBP,0.809138
2023-12-06,USD,GBP,0.726195
2023-12-07,EUR,GBP,0.810648
2023-12-07,USD,GBP,0.730151
2023-12-08,EUR,GBP,0.812746
2023-12-08,USD,GBP,0.730363
2023-12-11,EUR,GBP,0.815941
2023-12-11,USD,GBP,0.732358
2023-12-12,EUR,GBP,0.818631
2023-12-12,USD,GBP,0.73072
2023-12-13,EUR,GBP,0.816835
2023-12-13,USD,GBP,0.730955
2023-12-14,EUR,GBP,0.818474
2023-12-14,USD,GBP,0.731168
2023-12-15,EUR,GBP,0.818834
2023-12-15,USD,GBP,0.732
2023-12-18,EUR,GBP,0.824702
2023-12-18,USD,GBP,0.731061
2023-12-19,EUR,GBP,0.825778
2023-12-19,USD,GBP,0.730127
2023-12-20,EUR,GBP,0.831684
2023-12-20,USD,GBP,0.731436
2023-12-21,EUR,GBP,0.830235
2023-12-21,USD,GBP,0.728663
2023-12-22,USD,GBP,0.73031
2023-12-25,EUR,GBP,0.831698
2023-12-25,USD,GBP,0.727571
2023-12-26,EUR,GBP,0.831312
2023-12-26,USD,GBP,0.731948
2023-12-27,EUR,GBP,0.830734
2023-12-27,USD,GBP,0.732241
2023-12-28,EUR,GBP,0.829392
2023-12-28,USD,GBP,0.730705
2023-12-29,EUR,GBP,0.829891
2023-12-29,USD,GBP,0.728807
2024-01-01,EUR,GBP,0.831504
2024-01-01,USD,GBP,0.724628
2024-01-02,EUR,GBP,0.831488
2024-01-02,USD,GBP,0.727699
2024-01-03,EUR,GBP,0.829237
2024-01-03,USD,GBP,0.726719
2024-01-04,EUR,GBP,0.824181
2024-01-04,USD,GBP,0.723307
2024-01-05,EUR,GBP,0.821082
2024-01-05,USD,GBP,0.721957
2024-01-08,EUR,GBP,0.825787
2024-01-08,USD,GBP,0.724311
2024-01-09,EUR,GBP,0.82505
2024-01-09,USD,GBP,0.723846
2024-01-10,EUR,GBP,0.822226
2024-01-10,USD,GBP,0.724408
2024-01-11,EUR,GBP,0.82341
2024-01-11,USD,GBP,0.722044
2024-01-12,EUR,GBP,0.824639
2024-01-12,USD,GBP,0.72152
2024-01-15,EUR,GBP,0.827026
2024-01-15,USD,GBP,0.726717
2024-01-16,EUR,GBP,0.826062
2024-01-16,USD,GBP,0.72822
2024-01-17,EUR,GBP,0.821114
2024-01-17,USD,GBP,0.727358
2024-01-18,EUR,GBP,0.82623
2024-01-18,USD,GBP,0.728096
2024-01-19,EUR,GBP,0.823772
2024-01-19,USD,GBP,0.734406
2024-01-22,EUR,GBP,0.82762
2024-01-22,USD,GBP,0.734188
2024-01-23,EUR,GBP,0.828193
2024-01-23,USD,GBP,0.736148
2024-01-24,EUR,GBP,0.827922
2024-01-24,USD,GBP,0.741241
2024-01-25,EUR,GBP,0.831665
2024-01-25,USD,GBP,0.743272
2024-01-26,EUR,GBP,0.831018
2024-01-26,USD,GBP,0.743401
2024-01-29,EUR,GBP,0.833365
2024-01-29,USD,GBP,0.745625
2024-01-30,EUR,GBP,0.830109
2024-01-30,USD,GBP,0.748702
2024-01-31,EUR,GBP,0.832024
2024-01-31,USD,GBP,0.74918
2024-02-01,EUR,GBP,0.831801
2024-02-01,USD,GBP,0.748303
2024-02-02,EUR,GBP,0.830742
2024-02-02,USD,GBP,0.74091
2024-02-05,EUR,GBP,0.828116
2024-02-05,USD,GBP,0.7413
2024-02-06,EUR,GBP,0.828034
2024-02-06,USD,GBP,0.745788
2024-02-07,EUR,GBP,0.830504
2024-02-07,USD,GBP,0.744589
2024-02-08,EUR,GBP,0.829659
2024-02-08,USD,GBP,0.745035
2024-02-09,EUR,GBP,0.832216
2024-02-09,USD,GBP,0.745414
2024-02-12,EUR,GBP,0.834698
2024-02-12,USD,GBP,0.749146
2024-02-13,EUR,GBP,0.837427
2024-02-13,USD,GBP,0.749728
2024-02-14,EUR,GBP,0.840816
2024-02-14,USD,GBP,0.746199
2024-02-15,EUR,GBP,0.843062
2024-02-15,USD,GBP,0.738776
2024-02-16,EUR,GBP,0.844573
2024-02-16,USD,GBP,0.740295
2024-02-19,USD,GBP,0.739197
2024-02-20,EUR,GBP,0.860402
2024-02-20,USD,GBP,0.739991
2024-02-21,EUR,GBP,0.85391
2024-02-21,USD,GBP,0.739109
2024-02-22,EUR,GBP,0.856816
2024-02-22,USD,GBP,0.739032
2024-02-23,EUR,GBP,0.858793
2024-02-23,USD,GBP,0.738426
2024-02-26,EUR,GBP,0.860865
2024-02-26,USD,GBP,0.73598
2024-02-27,EUR,GBP,0.860982
2024-02-27,USD,GBP,0.736288
2024-02-28,EUR,GBP,0.864575
2024-02-28,USD,GBP,0.736188
2024-02-29,EUR,GBP,0.863085
2024-02-29,USD,GBP,0.737927
2024-03-01,USD,GBP,0.734424
2024-03-04,EUR,GBP,0.864646
2024-03-04,USD,GBP,0.728621
2024-03-05,EUR,GBP,0.867362
2024-03-05,USD,GBP,0.730483
2024-03-06,EUR,GBP,0.872773
2024-03-06,USD,GBP,0.729288
2024-03-07,EUR,GBP,0.871734
2024-03-07,USD,GBP,0.724901
2024-03-08,EUR,GBP,0.872135
2024-03-08,USD,GBP,0.724165
2024-03-11,EUR,GBP,0.876618
2024-03-11,USD,GBP,0.718839
2024-03-12,EUR,GBP,0.875385
2024-03-12,USD,GBP,0.722187
2024-03-13,EUR,GBP,0.878458
2024-03-13,USD,GBP,0.721971
2024-03-14,EUR,GBP,0.883386
2024-03-14,USD,GBP,0.723949
2024-03-15,EUR,GBP,0.877593
2024-03-15,USD,GBP,0.723079
2024-03-18,EUR,GBP,0.875281
2024-03-18,USD,GBP,0.722425
2024-03-19,EUR,GBP,0.875741
2024-03-19,USD,GBP,0.728128
2024-03-20,EUR,GBP,0.875689
2024-03-20,USD,GBP,0.726648
2024-03-21,EUR,GBP,0.874897
2024-03-21,USD,GBP,0.73063
2024-03-22,EUR,GBP,0.87414
2024-03-22,USD,GBP,0.731697
2024-03-25,EUR,GBP,0.880109
2024-03-25,USD,GBP,0.723307
2024-03-26,EUR,GBP,0.881405
2024-03-26,USD,GBP,0.724364
2024-03-27,EUR,GBP,0.879553
2024-03-27,USD,GBP,0.726457
2024-03-28,EUR,GBP,0.881615
2024-03-28,USD,GBP,0.727479
2024-03-29,EUR,GBP,0.884766
2024-03-29,USD,GBP,0.726673
2024-04-01,EUR,GBP,0.882713
2024-04-01,USD,GBP,0.730791
2024-04-02,EUR,GBP,0.881466
2024-04-02,USD,GBP,0.727531
2024-04-03,EUR,GBP,0.889199
2024-04-03,USD,GBP,0.724217
2024-04-04,EUR,GBP,0.886047
2024-04-04,USD,GBP,0.727724
2024-04-05,EUR,GBP,0.883292
2024-04-05,USD,GBP,0.724861
2024-04-08,EUR,GBP,0.8939
2024-04-08,USD,GBP,0.725871
2024-04-09,EUR,GBP,0.895691
2024-04-09,USD,GBP,0.729206
2024-04-10,EUR,GBP,0.896457
2024-04-10,USD,GBP,0.728332
2024-04-11,EUR,GBP,0.893386
2024-04-11,USD,GBP,0.726451
2024-04-12,EUR,GBP,0.895427
2024-04-12,USD,GBP,0.721398
2024-04-15,EUR,GBP,0.887755
2024-04-15,USD,GBP,0.725045
2024-04-16,EUR,GBP,0.889893
2024-04-16,USD,GBP,0.728871
2024-04-17,EUR,GBP,0.885029
2024-04-17,USD,GBP,0.728278
2024-04-18,EUR,GBP,0.881689
2024-04-18,USD,GBP,0.725165
2024-04-19,EUR,GBP,0.880112
2024-04-19,USD,GBP,0.726754
2024-04-22,EUR,GBP,0.880662
2024-04-22,USD,GBP,0.728556
2024-04-23,EUR,GBP,0.875902
2024-04-23,USD,GBP,0.727753
2024-04-24,EUR,GBP,0.878721
2024-04-24,USD,GBP,0.73247
2024-04-25,EUR,GBP,0.878418
2024-04-25,USD,GBP,0.736221
2024-04-26,EUR,GBP,0.880254
2024-04-26,USD,GBP,0.738387
2024-04-29,EUR,GBP,0.88511
2024-04-29,USD,GBP,0.730002
2024-04-30,EUR,GBP,0.879783
2024-04-30,USD,GBP,0.730497
2024-05-01,EUR,GBP,0.878242
2024-05-01,USD,GBP,0.729349
2024-05-02,EUR,GBP,0.876451
2024-05-02,USD,GBP,0.730447
2024-05-03,EUR,GBP,0.877272
2024-05-03,USD,GBP,0.729664
2024-05-06,EUR,GBP,0.887536
2024-05-06,USD,GBP,0.725085
2024-05-07,EUR,GBP,0.890547
2024-05-07,USD,GBP,0.723026
2024-05-08,EUR,GBP,0.893887
2024-05-08,USD,GBP,0.718635
2024-05-09,EUR,GBP,0.891873
2024-05-09,USD,GBP,0.71371
2024-05-10,EUR,GBP,0.889813
2024-05-10,USD,GBP,0.713719
2024-05-13,EUR,GBP,0.889777
2024-05-13,USD,GBP,0.71103
2024-05-14,EUR,GBP,0.886788
2024-05-14,USD,GBP,0.711025
2024-05-15,EUR,GBP,0.89062
2024-05-15,USD,GBP,0.712684
2024-05-16,EUR,GBP,0.889943
2024-05-16,USD,GBP,0.716296
2024-05-17,EUR,GBP,0.888207
2024-05-17,USD,GBP,0.71473
2024-05-20,EUR,GBP,0.889815
2024-05-20,USD,GBP,0.71781
2024-05-21,EUR,GBP,0.894123
2024-05-21,USD,GBP,0.723491
2024-05-22,EUR,GBP,0.894612
2024-05-22,USD,GBP,0.722132
2024-05-23,EUR,GBP,0.901337
2024-05-23,USD,GBP,0.722312
2024-05-24,EUR,GBP,0.899265
2024-05-24,USD,GBP,0.721425
2024-05-27,EUR,GBP,0.89582
2024-05-27,USD,GBP,0.71767
2024-05-28,EUR,GBP,0.901168
2024-05-28,USD,GBP,0.715426
2024-05-29,EUR,GBP,0.901059
2024-05-29,USD,GBP,0.719945
2024-05-30,EUR,GBP,0.901272
2024-05-30,USD,GBP,0.723181
2024-05-31,EUR,GBP,0.900206
2024-05-31,USD,GBP,0.721773
2024-06-03,EUR,GBP,0.898081
2024-06-03,USD,GBP,0.716671
2024-06-04,EUR,GBP,0.897664
2024-06-04,USD,GBP,0.718826
2024-06-05,EUR,GBP,0.897882
2024-06-05,USD,GBP,0.717952
2024-06-06,EUR,GBP,0.895756
2024-06-06,USD,GBP,0.720099
2024-06-07,EUR,GBP,0.893695
2024-06-07,USD,GBP,0.723554
2024-06-10,EUR,GBP,0.898639
2024-06-10,USD,GBP,0.722714
2024-06-11,EUR,GBP,0.897766
2024-06-11,USD,GBP,0.722213
2024-06-12,EUR,GBP,0.898358
2024-06-12,USD,GBP,0.718773
2024-06-13,EUR,GBP,0.893773
2024-06-13,USD,GBP,0.720787
2024-06-14,EUR,GBP,0.891809
2024-06-14,USD,GBP,0.725905
2024-06-17,EUR,GBP,0.895069
2024-06-17,USD,GBP,0.721711
2024-06-18,EUR,GBP,0.894992
2024-06-18,USD,GBP,0.72382
2024-06-19,EUR,GBP,0.892759
2024-06-19,USD,GBP,0.726098
2024-06-20,EUR,GBP,0.894174
2024-06-20,USD,GBP,0.727121
2024-06-21,EUR,GBP,0.888529
2024-06-21,USD,GBP,0.725924
2024-06-24,EUR,GBP,0.891327
2024-06-24,USD,GBP,0.7251
2024-06-25,EUR,GBP,0.894295
2024-06-25,USD,GBP,0.726025
2024-06-26,EUR,GBP,0.897501
2024-06-26,USD,GBP,0.721745
2024-06-27,EUR,GBP,0.893328
2024-06-27,USD,GBP,0.723352
2024-06-28,EUR,GBP,0.897132
2024-06-28,USD,GBP,0.724008
2024-07-01,EUR,GBP,0.900006
2024-07-01,USD,GBP,0.725496
2024-07-02,EUR,GBP,0.891277
2024-07-02,USD,GBP,0.724319
2024-07-03,EUR,GBP,0.893373
2024-07-03,USD,GBP,0.723565
2024-07-04,EUR,GBP,0.897202
2024-07-04,USD,GBP,0.722636
2024-07-05,EUR,GBP,0.895472
2024-07-05,USD,GBP,0.723656
2024-07-08,EUR,GBP,0.886824
2024-07-08,USD,GBP,0.720292
2024-07-09,EUR,GBP,0.889128
2024-07-09,USD,GBP,0.718319
2024-07-10,EUR,GBP,0.887514
2024-07-10,USD,GBP,0.715603
2024-07-11,EUR,GBP,0.885423
2024-07-11,USD,GBP,0.710179
2024-07-12,EUR,GBP,0.887581
2024-07-12,USD,GBP,0.710627
2024-07-15,EUR,GBP,0.896195
2024-07-15,USD,GBP,0.704956
2024-07-16,EUR,GBP,0.893805
2024-07-16,USD,GBP,0.702173
2024-07-17,EUR,GBP,0.889263
2024-07-17,USD,GBP,0.70247
2024-07-18,EUR,GBP,0.891378
2024-07-18,USD,GBP,0.704782
2024-07-19,EUR,GBP,0.890416
2024-07-19,USD,GBP,0.70613
2024-07-22,EUR,GBP,0.88428
2024-07-22,USD,GBP,0.710426
2024-07-23,EUR,GBP,0.890476
2024-07-23,USD,GBP,0.712632
2024-07-24,EUR,GBP,0.891496
2024-07-24,USD,GBP,0.707254
2024-07-25,EUR,GBP,0.890546
2024-07-25,USD,GBP,0.712733
2024-07-26,EUR,GBP,0.884627
2024-07-26,USD,GBP,0.712928
2024-07-29,EUR,GBP,0.879398
2024-07-29,USD,GBP,0.711443
2024-07-30,EUR,GBP,0.882381
2024-07-30,USD,GBP,0.716533
2024-07-31,EUR,GBP,0.882843
2024-07-31,USD,GBP,0.714912
2024-08-01,EUR,GBP,0.876556
2024-08-01,USD,GBP,0.711929
2024-08-02,EUR,GBP,0.877139
2024-08-02,USD,GBP,0.713522
2024-08-05,EUR,GBP,0.880316
2024-08-05,USD,GBP,0.716075
2024-08-06,EUR,GBP,0.880004
2024-08-06,USD,GBP,0.717813
2024-08-07,EUR,GBP,0.877886
2024-08-07,USD,GBP,0.718994
2024-08-08,EUR,GBP,0.87681
2024-08-08,USD,GBP,0.720737
2024-08-09,EUR,GBP,0.875658
2024-08-09,USD,GBP,0.722659
2024-08-12,EUR,GBP,0.873644
2024-08-12,USD,GBP,0.72251
2024-08-13,EUR,GBP,0.870692
2024-08-13,USD,GBP,0.72128
2024-08-14,USD,GBP,0.718303
2024-08-15,EUR,GBP,0.867931
2024-08-15,USD,GBP,0.717387
2024-08-16,EUR,GBP,0.865817
2024-08-16,USD,GBP,0.715695
2024-08-19,EUR,GBP,0.861782
2024-08-19,USD,GBP,0.711882
2024-08-20,EUR,GBP,0.857674
2024-08-20,USD,GBP,0.708111
2024-08-21,USD,GBP,0.709377
2024-08-22,EUR,GBP,0.858988
2024-08-22,USD,GBP,0.712657
2024-08-23,EUR,GBP,0.857959
2024-08-26,EUR,GBP,0.866539
2024-08-26,USD,GBP,0.712143
2024-08-27,EUR,GBP,0.86996
2024-08-27,USD,GBP,0.712722
2024-08-28,EUR,GBP,0.871559
2024-08-28,USD,GBP,0.709409
2024-08-29,EUR,GBP,0.872741
2024-08-29,USD,GBP,0.714685
2024-08-30,EUR,GBP,0.867393
2024-08-30,USD,GBP,0.712884
2024-09-02,EUR,GBP,0.861699
2024-09-02,USD,GBP,0.709619
2024-09-03,EUR,GBP,0.863789
2024-09-03,USD,GBP,0.710268
2024-09-04,EUR,GBP,0.86231
2024-09-04,USD,GBP,0.710764
2024-09-05,EUR,GBP,0.861298
2024-09-05,USD,GBP,0.713297
2024-09-06,EUR,GBP,0.863021
2024-09-06,USD,GBP,0.712634
2024-09-09,EUR,GBP,0.872114
2024-09-09,USD,GBP,0.718733
2024-09-10,EUR,GBP,0.871699
2024-09-10,USD,GBP,0.715547
2024-09-11,EUR,GBP,0.871084
2024-09-11,USD,GBP,0.715316
2024-09-12,EUR,GBP,0.870905
2024-09-12,USD,GBP,0.71601
2024-09-13,USD,GBP,0.716044
2024-09-16,EUR,GBP,0.875234
2024-09-16,USD,GBP,0.719529
2024-09-17,EUR,GBP,0.883233
2024-09-17,USD,GBP,0.715674
2024-09-18,EUR,GBP,0.88231
2024-09-18,USD,GBP,0.712485
2024-09-19,EUR,GBP,0.886679
2024-09-19,USD,GBP,0.711585
2024-09-20,EUR,GBP,0.888925
2024-09-20,USD,GBP,0.713222
2024-09-23,EUR,GBP,0.890148
2024-09-23,USD,GBP,0.718732
2024-09-24,EUR,GBP,0.895347
2024-09-24,USD,GBP,0.719193
2024-09-25,EUR,GBP,0.901867
2024-09-25,USD,GBP,0.718827
2024-09-26,EUR,GBP,0.906438
2024-09-26,USD,GBP,0.722335
2024-09-27,EUR,GBP,0.911925
2024-09-27,USD,GBP,0.721978
2024-09-30,EUR,GBP,0.908626
2024-09-30,USD,GBP,0.717842
2024-10-01,EUR,GBP,0.906947
2024-10-01,USD,GBP,0.718423
2024-10-02,EUR,GBP,0.90478
2024-10-02,USD,GBP,0.721833
2024-10-03,EUR,GBP,0.906772
2024-10-03,USD,GBP,0.722934
2024-10-04,EUR,GBP,0.904707
2024-10-04,USD,GBP,0.718477
2024-10-07,EUR,GBP,0.907927
2024-10-07,USD,GBP,0.721188
2024-10-08,EUR,GBP,0.907395
2024-10-08,USD,GBP,0.723206
2024-10-09,EUR,GBP,0.905609
2024-10-09,USD,GBP,0.725983
2024-10-10,EUR,GBP,0.907744
2024-10-10,USD,GBP,0.722686
2024-10-11,EUR,GBP,0.904689
2024-10-11,USD,GBP,0.720968
2024-10-14,EUR,GBP,0.908874
2024-10-14,USD,GBP,0.718047
2024-10-15,EUR,GBP,0.911796
2024-10-15,USD,GBP,0.718811
2024-10-16,EUR,GBP,0.913982
2024-10-16,USD,GBP,0.719294
2024-10-17,EUR,GBP,0.91571
2024-10-17,USD,GBP,0.721766
2024-10-18,EUR,GBP,0.92035
2024-10-18,USD,GBP,0.718935
2024-10-21,EUR,GBP,0.916956
2024-10-21,USD,GBP,0.715896
2024-10-22,EUR,GBP,0.916234
2024-10-22,USD,GBP,0.713193
2024-10-23,EUR,GBP,0.92009
2024-10-23,USD,GBP,0.717218
2024-10-24,EUR,GBP,0.91587
2024-10-24,USD,GBP,0.715247
2024-10-25,EUR,GBP,0.9144
2024-10-25,USD,GBP,0.715291
2024-10-28,EUR,GBP,0.912459
2024-10-28,USD,GBP,0.712367
2024-10-29,EUR,GBP,0.910815
2024-10-29,USD,GBP,0.711987
2024-10-30,EUR,GBP,0.911963
2024-10-30,USD,GBP,0.711455
2024-10-31,EUR,GBP,0.910406
2024-10-31,USD,GBP,0.710995
2024-11-01,EUR,GBP,0.907925
2024-11-01,USD,GBP,0.710651
2024-11-04,EUR,GBP,0.910153
2024-11-04,USD,GBP,0.707938
2024-11-05,EUR,GBP,0.919727
2024-11-05,USD,GBP,0.709033
2024-11-06,EUR,GBP,0.924365
2024-11-06,USD,GBP,0.713204
2024-11-07,EUR,GBP,0.92491
2024-11-07,USD,GBP,0.719548
2024-11-08,EUR,GBP,0.923885
2024-11-08,USD,GBP,0.713293
2024-11-11,EUR,GBP,0.930374
2024-11-11,USD,GBP,0.711696
2024-11-12,EUR,GBP,0.930906
2024-11-12,USD,GBP,0.710857
2024-11-13,EUR,GBP,0.930942
2024-11-13,USD,GBP,0.709792
2024-11-14,EUR,GBP,0.924517
2024-11-14,USD,GBP,0.714431
2024-11-15,EUR,GBP,0.923108
2024-11-15,USD,GBP,0.712116
2024-11-18,EUR,GBP,0.922573
2024-11-18,USD,GBP,0.712385
2024-11-19,EUR,GBP,0.924124
2024-11-19,USD,GBP,0.713227
2024-11-20,EUR,GBP,0.920699
2024-11-20,USD,GBP,0.71645
2024-11-21,EUR,GBP,0.916694
2024-11-21,USD,GBP,0.718696
2024-11-22,EUR,GBP,0.916138
2024-11-22,USD,GBP,0.719174
2024-11-25,EUR,GBP,0.918693
2024-11-25,USD,GBP,0.719611
2024-11-26,EUR,GBP,0.915101
2024-11-26,USD,GBP,0.720787
2024-11-27,EUR,GBP,0.91093
2024-11-27,USD,GBP,0.722228
2024-11-28,EUR,GBP,0.915005
2024-11-28,USD,GBP,0.718135
2024-11-29,EUR,GBP,0.913107
2024-11-29,USD,GBP,0.717883
2024-12-02,EUR,GBP,0.913626
2024-12-02,USD,GBP,0.718561
2024-12-03,EUR,GBP,0.9178
2024-12-03,USD,GBP,0.715014
2024-12-04,EUR,GBP,0.917602
2024-12-04,USD,GBP,0.712258
2024-12-05,EUR,GBP,0.916234
2024-12-05,USD,GBP,0.712573
2024-12-06,EUR,GBP,0.908442
2024-12-06,USD,GBP,0.709259
2024-12-09,EUR,GBP,0.901364
2024-12-09,USD,GBP,0.709067
2024-12-10,EUR,GBP,0.904786
2024-12-10,USD,GBP,0.711155
2024-12-11,EUR,GBP,0.909831
2024-12-11,USD,GBP,0.709708
2024-12-12,EUR,GBP,0.906665
2024-12-12,USD,GBP,0.710904
2024-12-13,EUR,GBP,0.909783
2024-12-13,USD,GBP,0.705063
2024-12-16,EUR,GBP,0.903963
2024-12-16,USD,GBP,0.705374
2024-12-17,EUR,GBP,0.90173
2024-12-17,USD,GBP,0.703082
2024-12-18,EUR,GBP,0.904964
2024-12-18,USD,GBP,0.69985
2024-12-19,USD,GBP,0.69934
2024-12-20,USD,GBP,0.699322
2024-12-23,EUR,GBP,0.908908
2024-12-23,USD,GBP,0.69863
2024-12-24,USD,GBP,0.697633
2024-12-25,EUR,GBP,0.913918
2024-12-25,USD,GBP,0.699043
2024-12-26,EUR,GBP,0.911575
2024-12-26,USD,GBP,0.695639
2024-12-27,EUR,GBP,0.91158
2024-12-27,USD,GBP,0.693245
2024-12-30,EUR,GBP,0.916263
2024-12-30,USD,GBP,0.699313
2024-12-31,EUR,GBP,0.916472
2024-12-31,USD,GBP,0.703811
